Order_ID,Customer_Name,User_ID,Email,Product_ID,Product_Name,Date_Ordered,Price_Inr,Payment_Mode,Billing_Address
ORD-000001,Anjali Sharma,USR-00001,anjalisha760@outlook.com,PROD-00016,AirChef Fryo,16-08-2024,0,Debit Card,"755, Park Street, Bangalore - 719176"
ORD-000002,Nidhi Verma,USR-00002,nidhiver31@gmail.com,PROD-00014,QuickMix 500,26-08-2024,0,Cash on Delivery,"617, MG Road, Pune - 850800"
ORD-000003,Harsh Kapoor,USR-00003,harshkap226@hotmail.com,PROD-00038,BoomBar 120,11-10-2024,0,Credit Card,"778, Main Street, Surat - 456778"
ORD-000004,Shreya Patel,USR-00004,shreyapat221@outlook.com,PROD-00007,VibeTrack Smartband,04-04-2024,0,Net Banking,"100, Sector, Indore - 733052"
ORD-000005,Manish Naik,USR-00005,manishnai45@hotmail.com,PROD-00035,MiniHaven Chair,07-05-2024,0,Net Banking,"81, Commercial Street, Lucknow - 969693"
ORD-000006,Richa Khanna,USR-00006,richakha883@outlook.com,PROD-00037,StreamBox Lite,15-07-2024,0,Digital Wallet,"72, MG Road, Ahmedabad - 910620"
ORD-000007,Nikhil Singh,USR-00007,nikhilsin876@yahoo.com,PROD-00007,VibeTrack Smartband,24-01-2025,0,UPI,"465, Linking Road, Indore - 270555"
ORD-000008,Swati Joshi,USR-00008,swatijos215@outlook.com,PROD-00045,SpeedRider Mini,14-03-2024,0,Cash on Delivery,"651, Main Street, Ahmedabad - 271339"
ORD-000009,Tanvi Shah,USR-00009,tanvisha277@yahoo.com,PROD-00044,FunQuest Board,28-11-2024,0,Credit Card,"235, MG Road, Chandigarh - 520651"
ORD-000010,Shreya Singh,USR-00010,shreyasin217@outlook.com,PROD-00014,QuickMix 500,26-05-2025,0,Net Banking,"906, Linking Road, Vadodara - 249811"
ORD-000011,Manish Patel,USR-00011,manishpat253@outlook.com,PROD-00048,FlexMat Yoga,21-08-2025,0,Net Banking,"920, Rajpath, Nagpur - 479580"
ORD-000012,Sanjay Patel,USR-00012,sanjaypat522@hotmail.com,PROD-00006,EchoPods 300,18-02-2024,0,Credit Card,"157, Linking Road, Kolkata - 930555"
ORD-000013,Nidhi Banerjee,USR-00013,nidhiban66@hotmail.com,PROD-00025,CrackMaster Prep,02-09-2025,0,Net Banking,"542, Nehru Place, Mumbai - 813328"
ORD-000014,Anjali Pandey,USR-00014,anjalipan907@outlook.com,PROD-00050,TravelPro Backpack,18-10-2025,0,UPI,"115, Nehru Place, Surat - 265840"
ORD-000015,Tanvi Sharma,USR-00015,tanvisha977@outlook.com,PROD-00033,CozyNest Cushion,01-07-2024,0,Cash on Delivery,"935, Park Street, Lucknow - 982554"
ORD-000016,Kunal Banerjee,USR-00016,kunalban204@yahoo.com,PROD-00024,Little Learners,14-06-2024,0,Cash on Delivery,"977, Commercial Street, Mumbai - 728038"
ORD-000017,Rajesh Agarwal,USR-00017,rajeshaga20@gmail.com,PROD-00024,Little Learners,10-11-2024,0,Debit Card,"60, Gandhi Nagar, Bangalore - 189814"
ORD-000018,Simran Kulkarni,USR-00018,simrankul71@yahoo.com,PROD-00009,SonicBeats Pro,01-05-2025,0,Cash on Delivery,"170, Nehru Place, Surat - 322086"
ORD-000019,Harsh Pillai,USR-00019,harshpil748@yahoo.com,PROD-00046,PulseScan Tracker,15-11-2024,0,Net Banking,"688, Linking Road, Indore - 559381"
ORD-000020,Isha Malhotra,USR-00020,ishamal124@yahoo.com,PROD-00015,HeatCup Express,06-03-2024,0,UPI,"22, Rajpath, Ahmedabad - 717024"
ORD-000021,Sanjay Sharma,USR-00021,sanjaysha73@gmail.com,PROD-00015,HeatCup Express,10-03-2024,0,Credit Card,"881, Sector, Bangalore - 639131"
ORD-000022,Kavya Nair,USR-00022,kavyanai686@hotmail.com,PROD-00014,QuickMix 500,06-07-2025,0,Debit Card,"741, Rajpath, Kochi - 354801"
ORD-000023,Mohit Naik,USR-00023,mohitnai417@yahoo.com,PROD-00007,VibeTrack Smartband,09-04-2024,0,Digital Wallet,"442, Sector, Surat - 531071"
ORD-000024,Tanvi Deshpande,USR-00024,tanvides747@gmail.com,PROD-00044,FunQuest Board,23-10-2025,0,Credit Card,"63, Residency Road, Chandigarh - 939482"
ORD-000025,Vikram Iyer,USR-00025,vikramiye197@yahoo.com,PROD-00035,MiniHaven Chair,04-04-2025,0,Debit Card,"433, Main Street, Jaipur - 585100"
ORD-000026,Kavya Deshpande,USR-00026,kavyades946@gmail.com,PROD-00029,LuxeCarry Wallet,17-07-2025,0,Credit Card,"52, Linking Road, Mumbai - 197793"
ORD-000027,Kavya Gupta,USR-00027,kavyagup417@hotmail.com,PROD-00031,DreamWeave Bedsheet,06-08-2024,0,Net Banking,"925, MG Road, Kolkata - 497382"
ORD-000028,Rahul Shah,USR-00028,rahulsha272@hotmail.com,PROD-00019,TrimPro X2,09-03-2025,0,Digital Wallet,"981, Commercial Street, Kochi - 262316"
ORD-000029,Aditya Desai,USR-00029,adityades223@gmail.com,PROD-00038,BoomBar 120,09-07-2025,0,Credit Card,"766, Sector, Delhi - 152578"
ORD-000030,Shweta Agarwal,USR-00030,shwetaaga515@yahoo.com,PROD-00004,Lumina Z,04-06-2025,0,Credit Card,"872, Main Street, Bangalore - 723939"
ORD-000031,Arjun Pandey,USR-00031,arjunpan883@yahoo.com,PROD-00026,EthnoCharm Kurti,02-05-2024,0,Cash on Delivery,"253, Rajpath, Delhi - 749468"
ORD-000032,Neha Kapoor,USR-00032,nehakap674@outlook.com,PROD-00017,SwiftClean 360,28-07-2024,0,Digital Wallet,"734, Sector, Ahmedabad - 378517"
ORD-000033,Preeti Patel,USR-00033,preetipat688@outlook.com,PROD-00030,TimeEdge Quartz,19-11-2024,0,Credit Card,"10, Brigade Road, Hyderabad - 176819"
ORD-000034,Harsh Reddy,USR-00034,harshred519@outlook.com,PROD-00009,SonicBeats Pro,23-12-2024,0,Credit Card,"901, Gandhi Nagar, Indore - 398830"
ORD-000035,Karan Malhotra,USR-00035,karanmal854@outlook.com,PROD-00040,KeyMate Pro,25-06-2025,0,Credit Card,"684, Commercial Street, Lucknow - 795613"
ORD-000036,Vikram Khanna,USR-00036,vikramkha138@outlook.com,PROD-00008,Chrono Edge,19-04-2024,0,Digital Wallet,"567, Main Street, Jaipur - 395442"
ORD-000037,Gaurav Reddy,USR-00037,gauravred735@outlook.com,PROD-00014,QuickMix 500,11-10-2025,0,UPI,"518, Brigade Road, Jaipur - 987204"
ORD-000038,Sneha Singh,USR-00038,snehasin650@hotmail.com,PROD-00018,GlowMist Serum,15-02-2024,0,Credit Card,"342, Main Street, Jaipur - 269430"
ORD-000039,Vivek Chopra,USR-00039,vivekcho723@hotmail.com,PROD-00036,VisionMax TV,10-01-2024,0,Credit Card,"78, Main Street, Delhi - 975136"
ORD-000040,Swati Bose,USR-00040,swatibos566@yahoo.com,PROD-00028,FlexStep Runner,10-05-2024,0,Credit Card,"316, Sector, Delhi - 475190"
ORD-000041,Riya Pandey,USR-00041,riyapan256@gmail.com,PROD-00023,MindCraft,27-07-2025,0,Net Banking,"998, Rajpath, Chennai - 348237"
ORD-000042,Karan Naik,USR-00042,karannai831@yahoo.com,PROD-00027,UrbanVibe Tee,26-01-2024,0,Debit Card,"755, Sector, Surat - 941204"
ORD-000043,Kavya Nair,USR-00043,kavyanai164@gmail.com,PROD-00025,CrackMaster Prep,09-02-2024,0,Net Banking,"228, Gandhi Nagar, Vadodara - 466643"
ORD-000044,Ananya Kulkarni,USR-00044,ananyakul815@yahoo.com,PROD-00015,HeatCup Express,25-01-2024,0,Digital Wallet,"198, Residency Road, Chandigarh - 392136"
ORD-000045,Arjun Pillai,USR-00045,arjunpil286@outlook.com,PROD-00042,JoyBox Blocks,05-06-2025,0,Net Banking,"696, Commercial Street, Chandigarh - 128941"
ORD-000046,Anjali Khanna,USR-00046,anjalikha994@outlook.com,PROD-00012,AlphaBook 14,17-08-2025,0,UPI,"40, Park Street, Surat - 462479"
ORD-000047,Rajesh Kapoor,USR-00047,rajeshkap621@gmail.com,PROD-00025,CrackMaster Prep,13-08-2025,0,Debit Card,"261, MG Road, Surat - 101773"
ORD-000048,Isha Saxena,USR-00048,ishasax826@yahoo.com,PROD-00024,Little Learners,17-03-2025,0,Credit Card,"972, Linking Road, Chandigarh - 753425"
ORD-000049,Rajesh Pandey,USR-00049,rajeshpan869@gmail.com,PROD-00047,VitaBoost Tabs,03-11-2024,0,Cash on Delivery,"317, Linking Road, Surat - 442027"
ORD-000050,Preeti Sinha,USR-00050,preetisin303@yahoo.com,PROD-00013,CloudTab Mini,06-03-2025,0,Digital Wallet,"963, Residency Road, Kolkata - 745414"
ORD-000051,Varun Desai,USR-00051,varundes416@gmail.com,PROD-00020,SilkWave Dryer,20-10-2024,0,Debit Card,"441, Rajpath, Chandigarh - 587575"
ORD-000052,Vivek Malhotra,USR-00052,vivekmal692@yahoo.com,PROD-00033,CozyNest Cushion,29-04-2025,0,Digital Wallet,"174, Linking Road, Bangalore - 397571"
ORD-000053,Kunal Pandey,USR-00053,kunalpan649@outlook.com,PROD-00006,EchoPods 300,28-08-2024,0,Digital Wallet,"318, Gandhi Nagar, Pune - 254511"
ORD-000054,Priya Verma,USR-00054,priyaver251@hotmail.com,PROD-00040,KeyMate Pro,15-03-2024,0,Net Banking,"425, Linking Road, Pune - 853240"
ORD-000055,Deepak Agarwal,USR-00055,deepakaga410@yahoo.com,PROD-00010,FitPulse Band,06-01-2024,0,Credit Card,"798, Residency Road, Ahmedabad - 284430"
ORD-000056,Isha Malhotra,USR-00056,ishamal52@yahoo.com,PROD-00008,Chrono Edge,12-04-2025,0,Debit Card,"821, Brigade Road, Chandigarh - 891937"
ORD-000057,Vivek Banerjee,USR-00057,vivekban835@hotmail.com,PROD-00036,VisionMax TV,01-04-2025,0,Debit Card,"762, Brigade Road, Vadodara - 371782"
ORD-000058,Kavya Kulkarni,USR-00058,kavyakul653@outlook.com,PROD-00050,TravelPro Backpack,17-06-2025,0,Net Banking,"642, Gandhi Nagar, Jaipur - 561239"
ORD-000059,Arjun Sinha,USR-00059,arjunsin293@yahoo.com,PROD-00018,GlowMist Serum,09-12-2024,0,UPI,"915, Commercial Street, Bangalore - 245095"
ORD-000060,Pooja Iyer,USR-00060,poojaiye393@yahoo.com,PROD-00046,PulseScan Tracker,07-08-2024,0,Credit Card,"425, Residency Road, Chandigarh - 668969"
ORD-000061,Tanvi Kapoor,USR-00061,tanvikap64@yahoo.com,PROD-00027,UrbanVibe Tee,02-02-2025,0,Cash on Delivery,"969, MG Road, Nagpur - 600149"
ORD-000062,Rahul Joshi,USR-00062,rahuljos306@hotmail.com,PROD-00027,UrbanVibe Tee,05-07-2025,0,Digital Wallet,"753, Commercial Street, Ahmedabad - 611945"
ORD-000063,Sanjay Nair,USR-00063,sanjaynai447@hotmail.com,PROD-00002,Aero S5,02-02-2025,0,UPI,"685, Linking Road, Nagpur - 859359"
ORD-000064,Karan Kulkarni,USR-00064,karankul479@yahoo.com,PROD-00040,KeyMate Pro,30-06-2025,0,Credit Card,"929, Residency Road, Mumbai - 188025"
ORD-000065,Nidhi Patel,USR-00065,nidhipat888@hotmail.com,PROD-00012,AlphaBook 14,21-02-2024,0,UPI,"389, Sector, Pune - 576786"
ORD-000066,Rajesh Mehta,USR-00066,rajeshmeh780@hotmail.com,PROD-00018,GlowMist Serum,07-03-2025,0,UPI,"855, Park Street, Kochi - 120324"
ORD-000067,Harsh Verma,USR-00067,harshver975@outlook.com,PROD-00015,HeatCup Express,11-03-2024,0,Digital Wallet,"42, MG Road, Ahmedabad - 309044"
ORD-000068,Priya Banerjee,USR-00068,priyaban157@yahoo.com,PROD-00009,SonicBeats Pro,29-04-2025,0,Digital Wallet,"118, Rajpath, Pune - 587623"
ORD-000069,Manish Pillai,USR-00069,manishpil378@yahoo.com,PROD-00039,ViewSync 27,13-09-2025,0,Digital Wallet,"736, Park Street, Kolkata - 426147"
ORD-000070,Vikram Bose,USR-00070,vikrambos27@outlook.com,PROD-00037,StreamBox Lite,19-01-2025,0,Net Banking,"965, Gandhi Nagar, Bangalore - 720859"
ORD-000071,Kavya Kumar,USR-00071,kavyakum714@outlook.com,PROD-00044,FunQuest Board,06-09-2025,0,Credit Card,"816, Rajpath, Delhi - 464069"
ORD-000072,Harsh Kapoor,USR-00072,harshkap678@outlook.com,PROD-00005,Blaze Neo,02-06-2025,0,Digital Wallet,"350, MG Road, Surat - 962276"
ORD-000073,Simran Kumar,USR-00073,simrankum444@outlook.com,PROD-00041,SpeedLink Drive,15-04-2025,0,Digital Wallet,"157, Residency Road, Kolkata - 869440"
ORD-000074,Isha Mishra,USR-00074,ishamis277@hotmail.com,PROD-00030,TimeEdge Quartz,22-03-2025,0,Digital Wallet,"607, Nehru Place, Chandigarh - 993085"
ORD-000075,Kavya Kulkarni,USR-00075,kavyakul958@gmail.com,PROD-00018,GlowMist Serum,06-04-2025,0,Debit Card,"769, Brigade Road, Nagpur - 452737"
ORD-000076,Priya Agarwal,USR-00076,priyaaga872@outlook.com,PROD-00012,AlphaBook 14,14-05-2025,0,Debit Card,"364, Nehru Place, Chandigarh - 393243"
ORD-000077,Gaurav Sinha,USR-00077,gauravsin902@outlook.com,PROD-00036,VisionMax TV,11-01-2024,0,Cash on Delivery,"971, Gandhi Nagar, Bangalore - 353080"
ORD-000078,Ashok Agarwal,USR-00078,ashokaga569@yahoo.com,PROD-00045,SpeedRider Mini,02-05-2025,0,Digital Wallet,"729, Brigade Road, Vadodara - 931450"
ORD-000079,Priya Singh,USR-00079,priyasin302@yahoo.com,PROD-00026,EthnoCharm Kurti,06-09-2024,0,UPI,"680, Rajpath, Indore - 596249"
ORD-000080,Kritika Rao,USR-00080,kritikarao353@hotmail.com,PROD-00048,FlexMat Yoga,17-07-2025,0,UPI,"361, Brigade Road, Jaipur - 421517"
ORD-000081,Manish Iyer,USR-00081,manishiye124@yahoo.com,PROD-00021,PureSkin Cleanse,02-05-2024,0,Digital Wallet,"549, Main Street, Pune - 326895"
ORD-000082,Mohit Nair,USR-00082,mohitnai742@outlook.com,PROD-00007,VibeTrack Smartband,17-07-2024,0,UPI,"233, Sector, Kolkata - 416950"
ORD-000083,Rahul Sinha,USR-00083,rahulsin547@yahoo.com,PROD-00018,GlowMist Serum,16-02-2024,0,Credit Card,"567, Nehru Place, Chennai - 768854"
ORD-000084,Simran Kumar,USR-00084,simrankum894@gmail.com,PROD-00037,StreamBox Lite,18-10-2024,0,Net Banking,"491, Brigade Road, Chandigarh - 293319"
ORD-000085,Sneha Nair,USR-00085,snehanai964@hotmail.com,PROD-00008,Chrono Edge,07-03-2024,0,Net Banking,"504, Park Street, Delhi - 259097"
ORD-000086,Pooja Naik,USR-00086,poojanai577@outlook.com,PROD-00006,EchoPods 300,11-09-2024,0,Credit Card,"572, Residency Road, Ahmedabad - 913373"
ORD-000087,Isha Shah,USR-00087,ishasha462@hotmail.com,PROD-00020,SilkWave Dryer,25-08-2025,0,Net Banking,"313, Rajpath, Delhi - 739244"
ORD-000088,Vikram Pillai,USR-00088,vikrampil213@yahoo.com,PROD-00017,SwiftClean 360,24-03-2024,0,Debit Card,"246, Main Street, Bangalore - 264136"
ORD-000089,Rahul Kapoor,USR-00089,rahulkap462@hotmail.com,PROD-00019,TrimPro X2,03-02-2024,0,Debit Card,"296, Nehru Place, Vadodara - 174637"
ORD-000090,Sanjay Saxena,USR-00090,sanjaysax271@yahoo.com,PROD-00028,FlexStep Runner,27-04-2024,0,Cash on Delivery,"231, Linking Road, Chennai - 378535"
ORD-000091,Pooja Singh,USR-00091,poojasin62@yahoo.com,PROD-00020,SilkWave Dryer,01-09-2025,0,Digital Wallet,"845, Rajpath, Lucknow - 560485"
ORD-000092,Anjali Malhotra,USR-00092,anjalimal706@outlook.com,PROD-00045,SpeedRider Mini,16-02-2025,0,UPI,"513, Commercial Street, Kochi - 559023"
ORD-000093,Neha Banerjee,USR-00093,nehaban41@hotmail.com,PROD-00048,FlexMat Yoga,26-11-2024,0,Cash on Delivery,"257, MG Road, Bangalore - 340044"
ORD-000094,Varun Bose,USR-00094,varunbos974@gmail.com,PROD-00049,PowerCore 10K,02-10-2024,0,Cash on Delivery,"42, Main Street, Kochi - 644173"
ORD-000095,Vivek Saxena,USR-00095,viveksax285@yahoo.com,PROD-00038,BoomBar 120,22-03-2025,0,Digital Wallet,"834, Brigade Road, Bangalore - 592841"
ORD-000096,Suresh Kapoor,USR-00096,sureshkap342@outlook.com,PROD-00043,BabyBloom Care Kit,17-04-2024,0,Debit Card,"338, Residency Road, Kochi - 402218"
ORD-000097,Preeti Kulkarni,USR-00097,preetikul779@gmail.com,PROD-00030,TimeEdge Quartz,31-03-2024,0,UPI,"259, Sector, Hyderabad - 910075"
ORD-000098,Preeti Deshpande,USR-00098,preetides527@gmail.com,PROD-00043,BabyBloom Care Kit,09-07-2025,0,Net Banking,"424, MG Road, Pune - 643623"
ORD-000099,Swati Banerjee,USR-00099,swatiban775@hotmail.com,PROD-00041,SpeedLink Drive,28-03-2025,0,Credit Card,"209, Nehru Place, Chennai - 402020"
ORD-000100,Vivek Khanna,USR-00100,vivekkha716@hotmail.com,PROD-00008,Chrono Edge,30-01-2024,0,Digital Wallet,"624, Gandhi Nagar, Kolkata - 425845"
ORD-000101,Kritika Sharma,USR-00101,kritikasha566@hotmail.com,PROD-00006,EchoPods 300,18-08-2024,0,Credit Card,"473, Park Street, Chennai - 622584"
ORD-000102,Nikhil Rao,USR-00102,nikhilrao723@outlook.com,PROD-00027,UrbanVibe Tee,09-05-2025,0,Net Banking,"250, Brigade Road, Chennai - 502219"
ORD-000103,Aditya Saxena,USR-00103,adityasax614@yahoo.com,PROD-00005,Blaze Neo,09-10-2024,0,Net Banking,"349, Commercial Street, Jaipur - 960408"
ORD-000104,Rahul Desai,USR-00104,rahuldes744@outlook.com,PROD-00038,BoomBar 120,16-08-2025,0,Digital Wallet,"502, Main Street, Vadodara - 664742"
ORD-000105,Mohit Joshi,USR-00105,mohitjos341@hotmail.com,PROD-00030,TimeEdge Quartz,25-11-2024,0,Debit Card,"715, Gandhi Nagar, Nagpur - 344907"
ORD-000106,Ashok Verma,USR-00106,ashokver326@hotmail.com,PROD-00046,PulseScan Tracker,25-01-2025,0,Net Banking,"680, Linking Road, Chennai - 619389"
ORD-000107,Amit Patel,USR-00107,amitpat515@outlook.com,PROD-00007,VibeTrack Smartband,26-03-2025,0,Credit Card,"539, Brigade Road, Mumbai - 857537"
ORD-000108,Pooja Kapoor,USR-00108,poojakap892@yahoo.com,PROD-00005,Blaze Neo,25-04-2025,0,UPI,"347, Rajpath, Nagpur - 781403"
ORD-000109,Neha Deshpande,USR-00109,nehades337@hotmail.com,PROD-00021,PureSkin Cleanse,03-10-2025,0,Digital Wallet,"909, Brigade Road, Delhi - 747453"
ORD-000110,Arjun Iyer,USR-00110,arjuniye647@outlook.com,PROD-00015,HeatCup Express,02-04-2024,0,Net Banking,"101, Linking Road, Hyderabad - 565230"
ORD-000111,Karan Sinha,USR-00111,karansin307@gmail.com,PROD-00003,Zenith One,28-11-2024,0,Credit Card,"301, Sector, Indore - 551607"
ORD-000112,Pooja Iyer,USR-00112,poojaiye544@hotmail.com,PROD-00037,StreamBox Lite,03-07-2024,0,Debit Card,"180, Park Street, Nagpur - 749813"
ORD-000113,Kavya Agarwal,USR-00113,kavyaaga935@yahoo.com,PROD-00015,HeatCup Express,17-04-2025,0,Digital Wallet,"261, Brigade Road, Jaipur - 799233"
ORD-000114,Rahul Khanna,USR-00114,rahulkha824@hotmail.com,PROD-00019,TrimPro X2,13-07-2025,0,Debit Card,"76, Brigade Road, Indore - 716113"
ORD-000115,Ananya Mishra,USR-00115,ananyamis986@hotmail.com,PROD-00045,SpeedRider Mini,13-09-2024,0,Net Banking,"866, Nehru Place, Pune - 503380"
ORD-000116,Mohit Kumar,USR-00116,mohitkum243@hotmail.com,PROD-00037,StreamBox Lite,02-01-2025,0,Cash on Delivery,"303, Nehru Place, Mumbai - 970357"
ORD-000117,Preeti Nair,USR-00117,preetinai9@gmail.com,PROD-00039,ViewSync 27,23-05-2025,0,UPI,"795, Gandhi Nagar, Indore - 329642"
ORD-000118,Aditya Banerjee,USR-00118,adityaban257@yahoo.com,PROD-00041,SpeedLink Drive,09-04-2024,0,Digital Wallet,"662, MG Road, Lucknow - 926918"
ORD-000119,Vivek Verma,USR-00119,vivekver594@outlook.com,PROD-00047,VitaBoost Tabs,14-05-2024,0,Credit Card,"932, Nehru Place, Chandigarh - 883790"
ORD-000120,Ashok Gupta,USR-00120,ashokgup206@yahoo.com,PROD-00035,MiniHaven Chair,09-01-2025,0,Cash on Delivery,"514, Nehru Place, Kolkata - 369452"
ORD-000121,Mohit Naik,USR-00121,mohitnai303@outlook.com,PROD-00008,Chrono Edge,24-04-2025,0,Credit Card,"145, Gandhi Nagar, Nagpur - 986827"
ORD-000122,Kritika Joshi,USR-00122,kritikajos93@hotmail.com,PROD-00001,Nova X10,27-09-2024,0,Cash on Delivery,"127, Brigade Road, Indore - 805511"
ORD-000123,Manish Bose,USR-00123,manishbos391@outlook.com,PROD-00007,VibeTrack Smartband,27-08-2024,0,Net Banking,"26, Rajpath, Chandigarh - 739717"
ORD-000124,Sanjay Mishra,USR-00124,sanjaymis65@hotmail.com,PROD-00045,SpeedRider Mini,05-11-2024,0,Digital Wallet,"419, Park Street, Chennai - 147549"
ORD-000125,Amit Desai,USR-00125,amitdes505@gmail.com,PROD-00007,VibeTrack Smartband,28-08-2024,0,Cash on Delivery,"139, Residency Road, Vadodara - 489033"
ORD-000126,Harsh Kapoor,USR-00126,harshkap602@yahoo.com,PROD-00027,UrbanVibe Tee,11-04-2024,0,Net Banking,"631, Residency Road, Jaipur - 134305"
ORD-000127,Swati Reddy,USR-00127,swatired455@hotmail.com,PROD-00016,AirChef Fryo,06-01-2025,0,Credit Card,"703, Sector, Indore - 163491"
ORD-000128,Preeti Nair,USR-00128,preetinai195@gmail.com,PROD-00030,TimeEdge Quartz,03-04-2024,0,Digital Wallet,"218, Linking Road, Mumbai - 153035"
ORD-000129,Meera Iyer,USR-00129,meeraiye129@yahoo.com,PROD-00005,Blaze Neo,21-07-2025,0,Debit Card,"601, Gandhi Nagar, Ahmedabad - 444519"
ORD-000130,Pooja Naik,USR-00130,poojanai923@gmail.com,PROD-00018,GlowMist Serum,28-05-2024,0,Debit Card,"554, Nehru Place, Kolkata - 215266"
ORD-000131,Priya Patel,USR-00131,priyapat16@outlook.com,PROD-00016,AirChef Fryo,25-08-2025,0,UPI,"17, Main Street, Jaipur - 154944"
ORD-000132,Rohan Menon,USR-00132,rohanmen432@gmail.com,PROD-00048,FlexMat Yoga,06-03-2024,0,Net Banking,"460, Sector, Hyderabad - 573962"
ORD-000133,Kunal Iyer,USR-00133,kunaliye969@gmail.com,PROD-00047,VitaBoost Tabs,17-06-2025,0,UPI,"470, Linking Road, Mumbai - 163780"
ORD-000134,Mohit Deshpande,USR-00134,mohitdes412@hotmail.com,PROD-00044,FunQuest Board,20-04-2024,0,Net Banking,"730, Brigade Road, Bangalore - 184714"
ORD-000135,Rajesh Banerjee,USR-00135,rajeshban152@gmail.com,PROD-00009,SonicBeats Pro,08-10-2024,0,Cash on Delivery,"649, Rajpath, Chandigarh - 499407"
ORD-000136,Gaurav Rao,USR-00136,gauravrao302@hotmail.com,PROD-00033,CozyNest Cushion,11-09-2025,0,Net Banking,"102, Park Street, Pune - 550961"
ORD-000137,Vivek Khanna,USR-00137,vivekkha234@hotmail.com,PROD-00022,The Infinity Path,09-04-2025,0,Net Banking,"426, Park Street, Chandigarh - 547494"
ORD-000138,Rajesh Pandey,USR-00138,rajeshpan262@outlook.com,PROD-00010,FitPulse Band,30-04-2025,0,Credit Card,"94, Park Street, Bangalore - 552855"
ORD-000139,Vikram Menon,USR-00139,vikrammen757@outlook.com,PROD-00009,SonicBeats Pro,23-07-2025,0,Credit Card,"601, Commercial Street, Chandigarh - 802559"
ORD-000140,Anjali Kapoor,USR-00140,anjalikap363@hotmail.com,PROD-00047,VitaBoost Tabs,22-02-2024,0,UPI,"615, Nehru Place, Indore - 208633"
ORD-000141,Varun Rao,USR-00141,varunrao218@yahoo.com,PROD-00043,BabyBloom Care Kit,08-05-2025,0,Debit Card,"868, Park Street, Indore - 986438"
ORD-000142,Kritika Joshi,USR-00142,kritikajos118@outlook.com,PROD-00037,StreamBox Lite,19-08-2024,0,Net Banking,"866, Commercial Street, Mumbai - 738577"
ORD-000143,Shreya Sharma,USR-00143,shreyasha185@outlook.com,PROD-00045,SpeedRider Mini,12-11-2024,0,UPI,"360, MG Road, Kolkata - 250210"
ORD-000144,Varun Pandey,USR-00144,varunpan411@gmail.com,PROD-00010,FitPulse Band,10-10-2025,0,Credit Card,"94, Commercial Street, Pune - 494468"
ORD-000145,Ashok Malhotra,USR-00145,ashokmal350@yahoo.com,PROD-00024,Little Learners,15-11-2024,0,Digital Wallet,"333, Rajpath, Bangalore - 155164"
ORD-000146,Pooja Gupta,USR-00146,poojagup773@gmail.com,PROD-00044,FunQuest Board,24-03-2024,0,UPI,"454, Linking Road, Surat - 609253"
ORD-000147,Gaurav Malhotra,USR-00147,gauravmal425@outlook.com,PROD-00014,QuickMix 500,08-06-2025,0,Credit Card,"354, Residency Road, Hyderabad - 397005"
ORD-000148,Shweta Agarwal,USR-00148,shwetaaga540@outlook.com,PROD-00003,Zenith One,13-08-2024,0,Net Banking,"614, MG Road, Mumbai - 314353"
ORD-000149,Ananya Reddy,USR-00149,ananyared786@yahoo.com,PROD-00049,PowerCore 10K,18-09-2024,0,UPI,"336, Park Street, Mumbai - 621546"
ORD-000150,Nidhi Gupta,USR-00150,nidhigup133@hotmail.com,PROD-00035,MiniHaven Chair,23-08-2024,0,Cash on Delivery,"573, Linking Road, Indore - 175576"
ORD-000151,Preeti Deshpande,USR-00151,preetides760@gmail.com,PROD-00028,FlexStep Runner,20-01-2024,0,Net Banking,"944, Park Street, Chandigarh - 703727"
ORD-000152,Nidhi Bose,USR-00152,nidhibos415@hotmail.com,PROD-00019,TrimPro X2,27-04-2024,0,Net Banking,"22, Sector, Kolkata - 940247"
ORD-000153,Richa Malhotra,USR-00153,richamal852@outlook.com,PROD-00006,EchoPods 300,23-03-2025,0,Credit Card,"250, Residency Road, Nagpur - 649414"
ORD-000154,Neha Shah,USR-00154,nehasha892@outlook.com,PROD-00048,FlexMat Yoga,13-12-2024,0,Debit Card,"342, Main Street, Bangalore - 635280"
ORD-000155,Anjali Rao,USR-00155,anjalirao523@yahoo.com,PROD-00050,TravelPro Backpack,23-12-2024,0,UPI,"745, Linking Road, Chennai - 347745"
ORD-000156,Vikram Patel,USR-00156,vikrampat263@yahoo.com,PROD-00012,AlphaBook 14,08-09-2025,0,Debit Card,"779, Linking Road, Bangalore - 285751"
ORD-000157,Simran Malhotra,USR-00157,simranmal773@hotmail.com,PROD-00044,FunQuest Board,01-08-2025,0,Digital Wallet,"651, Rajpath, Chandigarh - 757685"
ORD-000158,Rajesh Patel,USR-00158,rajeshpat451@gmail.com,PROD-00031,DreamWeave Bedsheet,28-03-2025,0,Digital Wallet,"311, Nehru Place, Delhi - 469038"
ORD-000159,Kunal Singh,USR-00159,kunalsin318@hotmail.com,PROD-00029,LuxeCarry Wallet,08-02-2024,0,Credit Card,"378, Nehru Place, Bangalore - 775981"
ORD-000160,Neha Banerjee,USR-00160,nehaban609@hotmail.com,PROD-00030,TimeEdge Quartz,17-08-2025,0,Cash on Delivery,"978, MG Road, Vadodara - 949153"
ORD-000161,Varun Mishra,USR-00161,varunmis193@outlook.com,PROD-00039,ViewSync 27,02-05-2025,0,Cash on Delivery,"155, MG Road, Vadodara - 208529"
ORD-000162,Meera Sinha,USR-00162,meerasin87@yahoo.com,PROD-00003,Zenith One,10-09-2024,0,Digital Wallet,"449, Brigade Road, Kolkata - 481574"
ORD-000163,Swati Saxena,USR-00163,swatisax290@hotmail.com,PROD-00027,UrbanVibe Tee,12-12-2024,0,Digital Wallet,"613, MG Road, Chandigarh - 169113"
ORD-000164,Meera Kumar,USR-00164,meerakum572@hotmail.com,PROD-00019,TrimPro X2,15-09-2024,0,Digital Wallet,"873, Linking Road, Chennai - 449555"
ORD-000165,Neha Bose,USR-00165,nehabos680@yahoo.com,PROD-00023,MindCraft,13-11-2024,0,Digital Wallet,"716, Linking Road, Nagpur - 235215"
ORD-000166,Gaurav Sinha,USR-00166,gauravsin961@gmail.com,PROD-00020,SilkWave Dryer,26-07-2025,0,Net Banking,"659, Sector, Chennai - 802667"
ORD-000167,Isha Singh,USR-00167,ishasin662@hotmail.com,PROD-00033,CozyNest Cushion,05-01-2025,0,Credit Card,"372, Nehru Place, Kolkata - 324597"
ORD-000168,Meera Pillai,USR-00168,meerapil498@yahoo.com,PROD-00015,HeatCup Express,20-05-2024,0,Debit Card,"80, Nehru Place, Hyderabad - 632351"
ORD-000169,Harsh Kulkarni,USR-00169,harshkul757@gmail.com,PROD-00043,BabyBloom Care Kit,10-12-2024,0,Cash on Delivery,"135, Rajpath, Nagpur - 261745"
ORD-000170,Karan Gupta,USR-00170,karangup852@yahoo.com,PROD-00047,VitaBoost Tabs,24-03-2025,0,Credit Card,"421, Sector, Ahmedabad - 565776"
ORD-000171,Richa Desai,USR-00171,richades771@hotmail.com,PROD-00015,HeatCup Express,30-06-2025,0,Debit Card,"317, Brigade Road, Pune - 485709"
ORD-000172,Varun Malhotra,USR-00172,varunmal473@outlook.com,PROD-00050,TravelPro Backpack,26-01-2025,0,Cash on Delivery,"541, Residency Road, Kolkata - 956572"
ORD-000173,Aditya Naik,USR-00173,adityanai620@yahoo.com,PROD-00017,SwiftClean 360,23-02-2024,0,Digital Wallet,"493, Sector, Hyderabad - 845957"
ORD-000174,Isha Deshpande,USR-00174,ishades128@outlook.com,PROD-00006,EchoPods 300,13-06-2024,0,UPI,"461, Commercial Street, Chennai - 971415"
ORD-000175,Nidhi Singh,USR-00175,nidhisin970@yahoo.com,PROD-00029,LuxeCarry Wallet,23-12-2024,0,Credit Card,"425, MG Road, Nagpur - 626392"
ORD-000176,Swati Iyer,USR-00176,swatiiye396@gmail.com,PROD-00024,Little Learners,17-08-2024,0,Credit Card,"327, Park Street, Chandigarh - 929822"
ORD-000177,Pooja Patel,USR-00177,poojapat40@outlook.com,PROD-00031,DreamWeave Bedsheet,22-05-2024,0,Digital Wallet,"481, Brigade Road, Mumbai - 183074"
ORD-000178,Priya Nair,USR-00178,priyanai221@yahoo.com,PROD-00036,VisionMax TV,15-09-2025,0,Cash on Delivery,"434, Park Street, Lucknow - 349183"
ORD-000179,Ananya Kumar,USR-00179,ananyakum49@yahoo.com,PROD-00027,UrbanVibe Tee,16-10-2025,0,Cash on Delivery,"469, Park Street, Hyderabad - 977330"
ORD-000180,Simran Banerjee,USR-00180,simranban549@gmail.com,PROD-00041,SpeedLink Drive,11-06-2025,0,Cash on Delivery,"248, Main Street, Lucknow - 550089"
ORD-000181,Rahul Banerjee,USR-00181,rahulban362@yahoo.com,PROD-00037,StreamBox Lite,02-03-2025,0,Debit Card,"681, Linking Road, Bangalore - 648913"
ORD-000182,Swati Singh,USR-00182,swatisin977@gmail.com,PROD-00025,CrackMaster Prep,26-04-2025,0,Credit Card,"651, Residency Road, Indore - 365971"
ORD-000183,Priya Joshi,USR-00183,priyajos808@gmail.com,PROD-00023,MindCraft,03-09-2024,0,Digital Wallet,"673, Linking Road, Hyderabad - 908977"
ORD-000184,Shweta Menon,USR-00184,shwetamen775@outlook.com,PROD-00009,SonicBeats Pro,15-02-2024,0,UPI,"560, Sector, Kolkata - 970720"
ORD-000185,Tanvi Sinha,USR-00185,tanvisin491@yahoo.com,PROD-00009,SonicBeats Pro,05-03-2024,0,Digital Wallet,"795, Brigade Road, Delhi - 407696"
ORD-000186,Aditya Verma,USR-00186,adityaver811@yahoo.com,PROD-00003,Zenith One,19-11-2024,0,UPI,"528, Residency Road, Kochi - 365618"
ORD-000187,Amit Pillai,USR-00187,amitpil663@yahoo.com,PROD-00019,TrimPro X2,31-12-2024,0,Credit Card,"887, Linking Road, Chandigarh - 386488"
ORD-000188,Anjali Naik,USR-00188,anjalinai377@hotmail.com,PROD-00026,EthnoCharm Kurti,26-03-2025,0,Net Banking,"348, Main Street, Kochi - 825686"
ORD-000189,Simran Joshi,USR-00189,simranjos947@outlook.com,PROD-00006,EchoPods 300,10-03-2025,0,Credit Card,"441, Rajpath, Kolkata - 671971"
ORD-000190,Nikhil Mehta,USR-00190,nikhilmeh106@gmail.com,PROD-00021,PureSkin Cleanse,29-10-2024,0,UPI,"457, Rajpath, Surat - 274739"
ORD-000191,Vivek Joshi,USR-00191,vivekjos458@gmail.com,PROD-00047,VitaBoost Tabs,27-12-2024,0,Cash on Delivery,"446, Nehru Place, Delhi - 178686"
ORD-000192,Preeti Joshi,USR-00192,preetijos526@yahoo.com,PROD-00002,Aero S5,26-05-2024,0,Cash on Delivery,"695, Brigade Road, Delhi - 232361"
ORD-000193,Arjun Iyer,USR-00193,arjuniye798@outlook.com,PROD-00024,Little Learners,27-01-2025,0,Cash on Delivery,"34, Rajpath, Chennai - 812048"
ORD-000194,Vivek Joshi,USR-00194,vivekjos381@hotmail.com,PROD-00049,PowerCore 10K,19-03-2024,0,Cash on Delivery,"141, Commercial Street, Indore - 517368"
ORD-000195,Rajesh Mishra,USR-00195,rajeshmis286@yahoo.com,PROD-00008,Chrono Edge,27-01-2024,0,Digital Wallet,"191, Brigade Road, Nagpur - 688956"
ORD-000196,Anjali Nair,USR-00196,anjalinai794@outlook.com,PROD-00046,PulseScan Tracker,01-04-2025,0,Debit Card,"627, Nehru Place, Kochi - 309902"
ORD-000197,Anjali Patel,USR-00197,anjalipat874@gmail.com,PROD-00029,LuxeCarry Wallet,25-06-2024,0,Digital Wallet,"456, Park Street, Chandigarh - 800280"
ORD-000198,Suresh Sinha,USR-00198,sureshsin67@outlook.com,PROD-00020,SilkWave Dryer,10-06-2024,0,Digital Wallet,"727, Linking Road, Kolkata - 932250"
ORD-000199,Swati Rao,USR-00199,swatirao230@gmail.com,PROD-00013,CloudTab Mini,22-05-2024,0,Debit Card,"810, Brigade Road, Mumbai - 478427"
ORD-000200,Kritika Bose,USR-00200,kritikabos378@hotmail.com,PROD-00036,VisionMax TV,12-05-2024,0,Cash on Delivery,"906, Park Street, Bangalore - 424314"
ORD-000201,Preeti Sinha,USR-00201,preetisin737@hotmail.com,PROD-00034,FlexiStore Organizer,24-02-2025,0,Net Banking,"844, Rajpath, Bangalore - 231414"
ORD-000202,Rajesh Mishra,USR-00202,rajeshmis76@hotmail.com,PROD-00030,TimeEdge Quartz,13-06-2025,0,UPI,"132, Commercial Street, Kolkata - 905077"
ORD-000203,Rohan Kapoor,USR-00203,rohankap515@gmail.com,PROD-00008,Chrono Edge,14-06-2025,0,Debit Card,"312, Main Street, Kolkata - 438334"
ORD-000204,Sanjay Joshi,USR-00204,sanjayjos971@outlook.com,PROD-00006,EchoPods 300,13-09-2024,0,Debit Card,"651, Commercial Street, Jaipur - 231250"
ORD-000205,Ananya Banerjee,USR-00205,ananyaban547@gmail.com,PROD-00033,CozyNest Cushion,18-10-2025,0,Debit Card,"607, Rajpath, Chennai - 279516"
ORD-000206,Richa Menon,USR-00206,richamen924@outlook.com,PROD-00037,StreamBox Lite,12-02-2024,0,Credit Card,"84, MG Road, Jaipur - 782759"
ORD-000207,Riya Pillai,USR-00207,riyapil586@hotmail.com,PROD-00040,KeyMate Pro,16-10-2025,0,Credit Card,"510, Linking Road, Lucknow - 773088"
ORD-000208,Ananya Agarwal,USR-00208,ananyaaga251@hotmail.com,PROD-00020,SilkWave Dryer,09-04-2025,0,Credit Card,"706, MG Road, Kolkata - 560959"
ORD-000209,Ashok Agarwal,USR-00209,ashokaga476@yahoo.com,PROD-00022,The Infinity Path,13-09-2025,0,Debit Card,"321, Sector, Indore - 518084"
ORD-000210,Rohan Pillai,USR-00210,rohanpil380@gmail.com,PROD-00021,PureSkin Cleanse,04-09-2024,0,Net Banking,"126, Nehru Place, Vadodara - 359961"
ORD-000211,Pooja Kumar,USR-00211,poojakum52@outlook.com,PROD-00025,CrackMaster Prep,22-09-2025,0,Net Banking,"255, Main Street, Chandigarh - 705748"
ORD-000212,Rajesh Reddy,USR-00212,rajeshred782@yahoo.com,PROD-00032,GlowLine Lamp,11-06-2025,0,Net Banking,"511, Nehru Place, Kochi - 124302"
ORD-000213,Neha Shah,USR-00213,nehasha518@hotmail.com,PROD-00016,AirChef Fryo,08-08-2024,0,Cash on Delivery,"362, MG Road, Delhi - 395023"
ORD-000214,Simran Banerjee,USR-00214,simranban904@hotmail.com,PROD-00019,TrimPro X2,03-07-2025,0,Credit Card,"868, Park Street, Surat - 240440"
ORD-000215,Manish Menon,USR-00215,manishmen375@hotmail.com,PROD-00024,Little Learners,16-02-2024,0,Net Banking,"53, Rajpath, Pune - 480133"
ORD-000216,Kritika Desai,USR-00216,kritikades76@hotmail.com,PROD-00033,CozyNest Cushion,06-04-2025,0,Cash on Delivery,"287, Rajpath, Hyderabad - 234913"
ORD-000217,Vikram Shah,USR-00217,vikramsha383@outlook.com,PROD-00036,VisionMax TV,09-01-2025,0,Debit Card,"204, Rajpath, Nagpur - 624369"
ORD-000218,Amit Verma,USR-00218,amitver40@yahoo.com,PROD-00046,PulseScan Tracker,07-12-2024,0,Net Banking,"532, Brigade Road, Chennai - 735710"
ORD-000219,Kunal Patel,USR-00219,kunalpat336@outlook.com,PROD-00011,SkyTab 11,06-02-2025,0,Cash on Delivery,"758, Nehru Place, Chandigarh - 631958"
ORD-000220,Kunal Chopra,USR-00220,kunalcho502@outlook.com,PROD-00031,DreamWeave Bedsheet,18-01-2024,0,UPI,"340, Linking Road, Hyderabad - 536774"
ORD-000221,Shweta Desai,USR-00221,shwetades816@gmail.com,PROD-00039,ViewSync 27,30-04-2025,0,UPI,"991, Linking Road, Ahmedabad - 856442"
ORD-000222,Sneha Bose,USR-00222,snehabos492@yahoo.com,PROD-00034,FlexiStore Organizer,06-10-2025,0,Digital Wallet,"635, Residency Road, Chennai - 961574"
ORD-000223,Kavya Verma,USR-00223,kavyaver587@gmail.com,PROD-00013,CloudTab Mini,20-01-2024,0,Net Banking,"322, Residency Road, Chennai - 533020"
ORD-000224,Riya Kapoor,USR-00224,riyakap514@hotmail.com,PROD-00048,FlexMat Yoga,04-03-2024,0,Digital Wallet,"142, Commercial Street, Pune - 688132"
ORD-000225,Rajesh Pandey,USR-00225,rajeshpan490@hotmail.com,PROD-00021,PureSkin Cleanse,26-06-2024,0,Net Banking,"935, Commercial Street, Chandigarh - 672808"
ORD-000226,Suresh Pandey,USR-00226,sureshpan791@outlook.com,PROD-00040,KeyMate Pro,10-05-2025,0,Debit Card,"981, Gandhi Nagar, Jaipur - 685196"
ORD-000227,Ananya Iyer,USR-00227,ananyaiye965@outlook.com,PROD-00050,TravelPro Backpack,22-10-2024,0,Digital Wallet,"213, Brigade Road, Chandigarh - 603110"
ORD-000228,Suresh Chopra,USR-00228,sureshcho957@outlook.com,PROD-00019,TrimPro X2,04-05-2024,0,Cash on Delivery,"693, Commercial Street, Nagpur - 513697"
ORD-000229,Suresh Pillai,USR-00229,sureshpil824@yahoo.com,PROD-00019,TrimPro X2,13-02-2024,0,UPI,"979, Park Street, Indore - 563864"
ORD-000230,Manish Menon,USR-00230,manishmen491@yahoo.com,PROD-00013,CloudTab Mini,05-07-2025,0,UPI,"956, Commercial Street, Jaipur - 243941"
ORD-000231,Vikram Banerjee,USR-00231,vikramban759@yahoo.com,PROD-00016,AirChef Fryo,21-02-2024,0,Digital Wallet,"927, Commercial Street, Ahmedabad - 768933"
ORD-000232,Sanjay Verma,USR-00232,sanjayver103@hotmail.com,PROD-00022,The Infinity Path,28-04-2025,0,Credit Card,"698, Main Street, Mumbai - 677086"
ORD-000233,Karan Kapoor,USR-00233,karankap669@hotmail.com,PROD-00031,DreamWeave Bedsheet,23-07-2024,0,UPI,"329, Nehru Place, Delhi - 906066"
ORD-000234,Neha Mishra,USR-00234,nehamis588@yahoo.com,PROD-00035,MiniHaven Chair,08-02-2024,0,Debit Card,"428, Main Street, Delhi - 976822"
ORD-000235,Preeti Naik,USR-00235,preetinai508@yahoo.com,PROD-00048,FlexMat Yoga,23-10-2024,0,Credit Card,"10, Nehru Place, Hyderabad - 451317"
ORD-000236,Nikhil Malhotra,USR-00236,nikhilmal657@hotmail.com,PROD-00009,SonicBeats Pro,31-05-2025,0,Net Banking,"280, Gandhi Nagar, Hyderabad - 446747"
ORD-000237,Karan Menon,USR-00237,karanmen470@outlook.com,PROD-00046,PulseScan Tracker,09-07-2024,0,Credit Card,"755, Sector, Lucknow - 695361"
ORD-000238,Aditya Gupta,USR-00238,adityagup626@hotmail.com,PROD-00028,FlexStep Runner,11-06-2025,0,UPI,"89, Residency Road, Hyderabad - 293757"
ORD-000239,Rohan Agarwal,USR-00239,rohanaga332@yahoo.com,PROD-00001,Nova X10,24-09-2024,0,Net Banking,"242, Brigade Road, Jaipur - 445637"
ORD-000240,Ananya Bose,USR-00240,ananyabos741@gmail.com,PROD-00017,SwiftClean 360,03-01-2025,0,Digital Wallet,"242, MG Road, Hyderabad - 588002"
ORD-000241,Ananya Gupta,USR-00241,ananyagup416@outlook.com,PROD-00045,SpeedRider Mini,30-04-2024,0,Digital Wallet,"939, Nehru Place, Indore - 744481"
ORD-000242,Sanjay Iyer,USR-00242,sanjayiye981@yahoo.com,PROD-00031,DreamWeave Bedsheet,05-06-2024,0,Net Banking,"766, Rajpath, Indore - 536045"
ORD-000243,Kritika Saxena,USR-00243,kritikasax483@yahoo.com,PROD-00049,PowerCore 10K,10-09-2024,0,Digital Wallet,"773, Rajpath, Bangalore - 651033"
ORD-000244,Vivek Rao,USR-00244,vivekrao721@outlook.com,PROD-00005,Blaze Neo,31-07-2025,0,Credit Card,"64, Commercial Street, Pune - 700521"
ORD-000245,Harsh Patel,USR-00245,harshpat169@outlook.com,PROD-00034,FlexiStore Organizer,28-03-2025,0,Credit Card,"697, Gandhi Nagar, Kochi - 195359"
ORD-000246,Kunal Malhotra,USR-00246,kunalmal829@gmail.com,PROD-00030,TimeEdge Quartz,15-05-2024,0,Cash on Delivery,"426, Brigade Road, Delhi - 685941"
ORD-000247,Tanvi Pandey,USR-00247,tanvipan827@outlook.com,PROD-00047,VitaBoost Tabs,23-01-2024,0,Net Banking,"261, MG Road, Pune - 706403"
ORD-000248,Arjun Verma,USR-00248,arjunver434@outlook.com,PROD-00045,SpeedRider Mini,06-03-2024,0,Cash on Delivery,"62, Park Street, Kochi - 133276"
ORD-000249,Nikhil Kapoor,USR-00249,nikhilkap185@yahoo.com,PROD-00050,TravelPro Backpack,18-10-2025,0,Digital Wallet,"662, Residency Road, Indore - 501058"
ORD-000250,Vivek Deshpande,USR-00250,vivekdes940@hotmail.com,PROD-00025,CrackMaster Prep,23-03-2024,0,Digital Wallet,"988, Linking Road, Chennai - 785280"
ORD-000251,Suresh Kumar,USR-00251,sureshkum183@hotmail.com,PROD-00034,FlexiStore Organizer,10-05-2024,0,Digital Wallet,"229, MG Road, Mumbai - 412856"
ORD-000252,Tanvi Pandey,USR-00252,tanvipan737@hotmail.com,PROD-00035,MiniHaven Chair,23-01-2025,0,Debit Card,"254, Brigade Road, Indore - 262656"
ORD-000253,Shreya Reddy,USR-00253,shreyared960@gmail.com,PROD-00003,Zenith One,05-03-2025,0,Cash on Delivery,"785, MG Road, Ahmedabad - 316092"
ORD-000254,Arjun Kumar,USR-00254,arjunkum609@gmail.com,PROD-00029,LuxeCarry Wallet,04-09-2025,0,Digital Wallet,"721, MG Road, Ahmedabad - 876513"
ORD-000255,Amit Shah,USR-00255,amitsha450@yahoo.com,PROD-00035,MiniHaven Chair,10-08-2024,0,Credit Card,"144, Commercial Street, Lucknow - 345536"
ORD-000256,Varun Mehta,USR-00256,varunmeh592@outlook.com,PROD-00016,AirChef Fryo,05-11-2024,0,Debit Card,"677, Commercial Street, Ahmedabad - 533649"
ORD-000257,Ananya Nair,USR-00257,ananyanai63@yahoo.com,PROD-00041,SpeedLink Drive,13-03-2025,0,Cash on Delivery,"508, MG Road, Indore - 774565"
ORD-000258,Deepak Naik,USR-00258,deepaknai538@outlook.com,PROD-00045,SpeedRider Mini,02-03-2025,0,Net Banking,"153, Nehru Place, Nagpur - 292811"
ORD-000259,Harsh Agarwal,USR-00259,harshaga247@yahoo.com,PROD-00020,SilkWave Dryer,27-05-2024,0,Net Banking,"937, MG Road, Surat - 536740"
ORD-000260,Kritika Rao,USR-00260,kritikarao138@hotmail.com,PROD-00016,AirChef Fryo,18-09-2024,0,Debit Card,"339, Linking Road, Bangalore - 571635"
ORD-000261,Swati Singh,USR-00261,swatisin549@yahoo.com,PROD-00004,Lumina Z,01-10-2024,0,Net Banking,"690, Rajpath, Delhi - 176319"
ORD-000262,Aditya Naik,USR-00262,adityanai780@yahoo.com,PROD-00031,DreamWeave Bedsheet,01-08-2024,0,UPI,"311, MG Road, Pune - 299254"
ORD-000263,Anjali Menon,USR-00263,anjalimen773@hotmail.com,PROD-00016,AirChef Fryo,10-09-2025,0,Digital Wallet,"210, Residency Road, Ahmedabad - 678897"
ORD-000264,Rajesh Pillai,USR-00264,rajeshpil290@hotmail.com,PROD-00030,TimeEdge Quartz,30-06-2025,0,Digital Wallet,"368, Nehru Place, Jaipur - 477114"
ORD-000265,Kunal Khanna,USR-00265,kunalkha510@hotmail.com,PROD-00007,VibeTrack Smartband,25-04-2025,0,UPI,"937, Gandhi Nagar, Indore - 428122"
ORD-000266,Ashok Verma,USR-00266,ashokver577@yahoo.com,PROD-00048,FlexMat Yoga,29-05-2024,0,Credit Card,"268, Commercial Street, Surat - 409531"
ORD-000267,Pooja Reddy,USR-00267,poojared338@yahoo.com,PROD-00025,CrackMaster Prep,06-08-2025,0,Debit Card,"512, Commercial Street, Chandigarh - 369826"
ORD-000268,Simran Menon,USR-00268,simranmen658@hotmail.com,PROD-00030,TimeEdge Quartz,21-06-2024,0,Digital Wallet,"815, Sector, Kolkata - 246757"
ORD-000269,Harsh Agarwal,USR-00269,harshaga189@gmail.com,PROD-00034,FlexiStore Organizer,04-02-2024,0,Credit Card,"968, Linking Road, Delhi - 901467"
ORD-000270,Rahul Kapoor,USR-00270,rahulkap141@yahoo.com,PROD-00005,Blaze Neo,03-06-2024,0,Credit Card,"224, Commercial Street, Vadodara - 491329"
ORD-000271,Sneha Banerjee,USR-00271,snehaban654@hotmail.com,PROD-00043,BabyBloom Care Kit,14-05-2025,0,Credit Card,"7, Commercial Street, Surat - 112426"
ORD-000272,Priya Rao,USR-00272,priyarao740@outlook.com,PROD-00035,MiniHaven Chair,20-10-2024,0,Credit Card,"515, Linking Road, Surat - 945328"
ORD-000273,Divya Kumar,USR-00273,divyakum941@gmail.com,PROD-00034,FlexiStore Organizer,01-06-2024,0,Debit Card,"197, Rajpath, Jaipur - 954814"
ORD-000274,Suresh Nair,USR-00274,sureshnai815@hotmail.com,PROD-00006,EchoPods 300,17-01-2025,0,Net Banking,"471, Rajpath, Ahmedabad - 831105"
ORD-000275,Sanjay Desai,USR-00275,sanjaydes701@gmail.com,PROD-00042,JoyBox Blocks,02-02-2024,0,Credit Card,"416, Residency Road, Nagpur - 679549"
ORD-000276,Mohit Verma,USR-00276,mohitver653@gmail.com,PROD-00045,SpeedRider Mini,24-06-2024,0,Credit Card,"512, Residency Road, Chandigarh - 693343"
ORD-000277,Vikram Khanna,USR-00277,vikramkha541@gmail.com,PROD-00015,HeatCup Express,04-08-2024,0,Digital Wallet,"909, Rajpath, Kochi - 384263"
ORD-000278,Amit Saxena,USR-00278,amitsax77@outlook.com,PROD-00035,MiniHaven Chair,31-07-2025,0,Digital Wallet,"34, Main Street, Chandigarh - 116418"
ORD-000279,Riya Bose,USR-00279,riyabos148@hotmail.com,PROD-00005,Blaze Neo,02-11-2024,0,Debit Card,"578, Gandhi Nagar, Nagpur - 809922"
ORD-000280,Harsh Mehta,USR-00280,harshmeh394@yahoo.com,PROD-00045,SpeedRider Mini,21-03-2024,0,Cash on Delivery,"764, Sector, Delhi - 202430"
ORD-000281,Nidhi Iyer,USR-00281,nidhiiye859@gmail.com,PROD-00022,The Infinity Path,11-09-2025,0,Cash on Delivery,"978, Rajpath, Nagpur - 911131"
ORD-000282,Rajesh Sharma,USR-00282,rajeshsha650@outlook.com,PROD-00029,LuxeCarry Wallet,17-05-2025,0,Debit Card,"365, Commercial Street, Nagpur - 552825"
ORD-000283,Divya Pandey,USR-00283,divyapan600@hotmail.com,PROD-00006,EchoPods 300,25-09-2025,0,UPI,"818, Gandhi Nagar, Bangalore - 186023"
ORD-000284,Shreya Patel,USR-00284,shreyapat390@yahoo.com,PROD-00048,FlexMat Yoga,02-02-2025,0,UPI,"370, Park Street, Bangalore - 105447"
ORD-000285,Ananya Malhotra,USR-00285,ananyamal369@outlook.com,PROD-00007,VibeTrack Smartband,15-05-2024,0,Credit Card,"192, Residency Road, Vadodara - 684041"
ORD-000286,Kritika Rao,USR-00286,kritikarao418@gmail.com,PROD-00002,Aero S5,01-04-2024,0,UPI,"568, Park Street, Chandigarh - 503951"
ORD-000287,Rahul Desai,USR-00287,rahuldes424@hotmail.com,PROD-00050,TravelPro Backpack,27-03-2024,0,Digital Wallet,"923, Commercial Street, Ahmedabad - 699743"
ORD-000288,Isha Gupta,USR-00288,ishagup702@hotmail.com,PROD-00011,SkyTab 11,22-05-2024,0,UPI,"309, Nehru Place, Kochi - 253023"
ORD-000289,Arjun Gupta,USR-00289,arjungup446@outlook.com,PROD-00027,UrbanVibe Tee,02-11-2024,0,Net Banking,"802, Park Street, Indore - 363926"
ORD-000290,Kavya Menon,USR-00290,kavyamen641@hotmail.com,PROD-00039,ViewSync 27,23-09-2025,0,Debit Card,"469, Park Street, Chennai - 419457"
ORD-000291,Rahul Shah,USR-00291,rahulsha341@hotmail.com,PROD-00022,The Infinity Path,26-03-2025,0,UPI,"441, Linking Road, Chennai - 415029"
ORD-000292,Rajesh Banerjee,USR-00292,rajeshban971@yahoo.com,PROD-00031,DreamWeave Bedsheet,17-11-2024,0,Debit Card,"988, Residency Road, Chandigarh - 405605"
ORD-000293,Simran Bose,USR-00293,simranbos801@yahoo.com,PROD-00021,PureSkin Cleanse,20-01-2025,0,UPI,"837, Residency Road, Indore - 219420"
ORD-000294,Varun Reddy,USR-00294,varunred607@yahoo.com,PROD-00044,FunQuest Board,17-07-2025,0,Credit Card,"976, Brigade Road, Pune - 559753"
ORD-000295,Nikhil Kulkarni,USR-00295,nikhilkul710@gmail.com,PROD-00027,UrbanVibe Tee,26-05-2025,0,Debit Card,"649, Nehru Place, Ahmedabad - 364955"
ORD-000296,Pooja Sinha,USR-00296,poojasin434@hotmail.com,PROD-00005,Blaze Neo,04-04-2025,0,Cash on Delivery,"491, Rajpath, Nagpur - 660324"
ORD-000297,Kunal Saxena,USR-00297,kunalsax943@hotmail.com,PROD-00035,MiniHaven Chair,07-02-2024,0,UPI,"719, Commercial Street, Bangalore - 214682"
ORD-000298,Kavya Pandey,USR-00298,kavyapan681@outlook.com,PROD-00011,SkyTab 11,19-09-2025,0,Credit Card,"577, Linking Road, Nagpur - 889245"
ORD-000299,Meera Naik,USR-00299,meeranai441@gmail.com,PROD-00001,Nova X10,10-04-2024,0,UPI,"228, Commercial Street, Ahmedabad - 567432"
ORD-000300,Swati Shah,USR-00300,swatisha475@yahoo.com,PROD-00023,MindCraft,26-01-2024,0,Net Banking,"108, Nehru Place, Surat - 190025"
ORD-000301,Anjali Kulkarni,USR-00301,anjalikul964@yahoo.com,PROD-00023,MindCraft,15-11-2024,0,UPI,"467, Gandhi Nagar, Kochi - 465219"
ORD-000302,Mohit Kumar,USR-00302,mohitkum449@hotmail.com,PROD-00021,PureSkin Cleanse,09-03-2024,0,UPI,"46, Park Street, Mumbai - 990429"
ORD-000303,Meera Mishra,USR-00303,meeramis112@yahoo.com,PROD-00048,FlexMat Yoga,06-09-2024,0,Cash on Delivery,"179, Commercial Street, Kolkata - 447067"
ORD-000304,Kritika Kapoor,USR-00304,kritikakap982@hotmail.com,PROD-00015,HeatCup Express,18-02-2025,0,Digital Wallet,"189, Main Street, Surat - 514798"
ORD-000305,Priya Menon,USR-00305,priyamen629@yahoo.com,PROD-00029,LuxeCarry Wallet,29-08-2025,0,Net Banking,"399, MG Road, Pune - 315780"
ORD-000306,Shreya Pillai,USR-00306,shreyapil721@gmail.com,PROD-00037,StreamBox Lite,14-04-2024,0,Cash on Delivery,"192, Sector, Chandigarh - 306647"
ORD-000307,Tanvi Kumar,USR-00307,tanvikum269@hotmail.com,PROD-00034,FlexiStore Organizer,16-10-2025,0,UPI,"612, Residency Road, Nagpur - 715519"
ORD-000308,Anjali Joshi,USR-00308,anjalijos361@hotmail.com,PROD-00040,KeyMate Pro,25-06-2024,0,Digital Wallet,"723, Nehru Place, Bangalore - 804758"
ORD-000309,Rohan Mehta,USR-00309,rohanmeh121@yahoo.com,PROD-00020,SilkWave Dryer,29-04-2024,0,Debit Card,"383, Main Street, Nagpur - 538555"
ORD-000310,Gaurav Patel,USR-00310,gauravpat589@hotmail.com,PROD-00028,FlexStep Runner,09-07-2024,0,Net Banking,"651, Commercial Street, Kolkata - 681868"
ORD-000311,Karan Agarwal,USR-00311,karanaga296@yahoo.com,PROD-00012,AlphaBook 14,18-11-2024,0,Net Banking,"635, MG Road, Indore - 110048"
ORD-000312,Simran Patel,USR-00312,simranpat200@hotmail.com,PROD-00036,VisionMax TV,01-06-2025,0,Digital Wallet,"507, Residency Road, Kochi - 535820"
ORD-000313,Vivek Agarwal,USR-00313,vivekaga172@gmail.com,PROD-00037,StreamBox Lite,01-02-2024,0,Debit Card,"300, MG Road, Jaipur - 335765"
ORD-000314,Harsh Desai,USR-00314,harshdes173@hotmail.com,PROD-00037,StreamBox Lite,22-05-2025,0,Cash on Delivery,"524, Park Street, Hyderabad - 380901"
ORD-000315,Harsh Kulkarni,USR-00315,harshkul376@gmail.com,PROD-00049,PowerCore 10K,27-03-2025,0,Cash on Delivery,"224, Residency Road, Hyderabad - 871740"
ORD-000316,Kavya Desai,USR-00316,kavyades896@gmail.com,PROD-00029,LuxeCarry Wallet,26-09-2024,0,UPI,"883, Park Street, Vadodara - 223088"
ORD-000317,Kavya Reddy,USR-00317,kavyared831@outlook.com,PROD-00046,PulseScan Tracker,16-09-2025,0,Digital Wallet,"439, Main Street, Chennai - 922974"
ORD-000318,Riya Kulkarni,USR-00318,riyakul212@gmail.com,PROD-00037,StreamBox Lite,25-12-2024,0,Cash on Delivery,"288, Rajpath, Kolkata - 439375"
ORD-000319,Nikhil Desai,USR-00319,nikhildes587@outlook.com,PROD-00033,CozyNest Cushion,07-04-2024,0,Debit Card,"986, Residency Road, Delhi - 390794"
ORD-000320,Rohan Sinha,USR-00320,rohansin887@yahoo.com,PROD-00016,AirChef Fryo,29-05-2024,0,Digital Wallet,"330, Gandhi Nagar, Nagpur - 613234"
ORD-000321,Pooja Bose,USR-00321,poojabos648@outlook.com,PROD-00041,SpeedLink Drive,28-02-2025,0,Net Banking,"463, Park Street, Bangalore - 522419"
ORD-000322,Kunal Menon,USR-00322,kunalmen285@outlook.com,PROD-00030,TimeEdge Quartz,14-05-2025,0,UPI,"596, MG Road, Bangalore - 866437"
ORD-000323,Tanvi Mishra,USR-00323,tanvimis681@outlook.com,PROD-00005,Blaze Neo,01-07-2025,0,Net Banking,"224, Residency Road, Pune - 618746"
ORD-000324,Shreya Mehta,USR-00324,shreyameh849@outlook.com,PROD-00022,The Infinity Path,14-07-2025,0,Cash on Delivery,"134, Rajpath, Kochi - 926596"
ORD-000325,Meera Khanna,USR-00325,meerakha699@gmail.com,PROD-00003,Zenith One,11-04-2024,0,Digital Wallet,"803, Brigade Road, Mumbai - 230272"
ORD-000326,Karan Malhotra,USR-00326,karanmal468@gmail.com,PROD-00028,FlexStep Runner,26-07-2024,0,Digital Wallet,"932, Main Street, Lucknow - 266699"
ORD-000327,Shreya Singh,USR-00327,shreyasin671@outlook.com,PROD-00017,SwiftClean 360,25-03-2024,0,UPI,"681, Linking Road, Kolkata - 154302"
ORD-000328,Preeti Mishra,USR-00328,preetimis313@yahoo.com,PROD-00028,FlexStep Runner,03-04-2024,0,Digital Wallet,"98, MG Road, Pune - 599968"
ORD-000329,Arjun Patel,USR-00329,arjunpat608@yahoo.com,PROD-00034,FlexiStore Organizer,31-03-2025,0,Credit Card,"9, Sector, Hyderabad - 542828"
ORD-000330,Rohan Agarwal,USR-00330,rohanaga73@yahoo.com,PROD-00025,CrackMaster Prep,01-04-2024,0,Digital Wallet,"826, Park Street, Hyderabad - 428572"
ORD-000331,Swati Khanna,USR-00331,swatikha307@yahoo.com,PROD-00025,CrackMaster Prep,16-05-2024,0,Digital Wallet,"694, Main Street, Bangalore - 656278"
ORD-000332,Varun Sharma,USR-00332,varunsha625@yahoo.com,PROD-00029,LuxeCarry Wallet,25-12-2024,0,Digital Wallet,"219, Linking Road, Chennai - 531709"
ORD-000333,Richa Pandey,USR-00333,richapan454@yahoo.com,PROD-00006,EchoPods 300,12-04-2024,0,Debit Card,"771, Park Street, Nagpur - 468611"
ORD-000334,Nidhi Mehta,USR-00334,nidhimeh811@yahoo.com,PROD-00016,AirChef Fryo,10-10-2024,0,Digital Wallet,"87, Gandhi Nagar, Lucknow - 916808"
ORD-000335,Priya Deshpande,USR-00335,priyades868@outlook.com,PROD-00014,QuickMix 500,14-06-2025,0,Cash on Delivery,"522, Gandhi Nagar, Nagpur - 409898"
ORD-000336,Sneha Naik,USR-00336,snehanai920@yahoo.com,PROD-00032,GlowLine Lamp,30-01-2025,0,Credit Card,"247, Brigade Road, Bangalore - 653948"
ORD-000337,Rahul Joshi,USR-00337,rahuljos957@outlook.com,PROD-00009,SonicBeats Pro,31-01-2025,0,Cash on Delivery,"431, Sector, Kolkata - 899776"
ORD-000338,Mohit Pillai,USR-00338,mohitpil75@gmail.com,PROD-00038,BoomBar 120,10-03-2024,0,Credit Card,"269, Gandhi Nagar, Delhi - 163406"
ORD-000339,Preeti Rao,USR-00339,preetirao294@hotmail.com,PROD-00028,FlexStep Runner,15-02-2025,0,Credit Card,"656, Commercial Street, Chennai - 390946"
ORD-000340,Neha Desai,USR-00340,nehades81@yahoo.com,PROD-00010,FitPulse Band,03-07-2025,0,UPI,"401, Rajpath, Bangalore - 425236"
ORD-000341,Nidhi Menon,USR-00341,nidhimen977@yahoo.com,PROD-00004,Lumina Z,07-09-2024,0,Credit Card,"947, Residency Road, Hyderabad - 575394"
ORD-000342,Richa Banerjee,USR-00342,richaban57@outlook.com,PROD-00043,BabyBloom Care Kit,28-06-2024,0,Credit Card,"13, Main Street, Mumbai - 271790"
ORD-000343,Simran Joshi,USR-00343,simranjos536@outlook.com,PROD-00011,SkyTab 11,15-01-2025,0,Debit Card,"768, Nehru Place, Hyderabad - 908903"
ORD-000344,Priya Mehta,USR-00344,priyameh827@hotmail.com,PROD-00018,GlowMist Serum,20-06-2025,0,Credit Card,"270, Rajpath, Bangalore - 620248"
ORD-000345,Tanvi Rao,USR-00345,tanvirao369@gmail.com,PROD-00032,GlowLine Lamp,03-08-2025,0,Debit Card,"377, Main Street, Jaipur - 910894"
ORD-000346,Vikram Khanna,USR-00346,vikramkha588@gmail.com,PROD-00015,HeatCup Express,05-06-2025,0,Credit Card,"46, MG Road, Ahmedabad - 148215"
ORD-000347,Mohit Joshi,USR-00347,mohitjos393@yahoo.com,PROD-00012,AlphaBook 14,06-02-2024,0,Cash on Delivery,"823, Linking Road, Surat - 335421"
ORD-000348,Rajesh Iyer,USR-00348,rajeshiye427@outlook.com,PROD-00018,GlowMist Serum,20-03-2024,0,Cash on Delivery,"382, Park Street, Delhi - 288056"
ORD-000349,Sanjay Naik,USR-00349,sanjaynai529@gmail.com,PROD-00026,EthnoCharm Kurti,11-03-2024,0,Net Banking,"887, Nehru Place, Lucknow - 443199"
ORD-000350,Neha Chopra,USR-00350,nehacho468@gmail.com,PROD-00024,Little Learners,24-07-2024,0,UPI,"578, Nehru Place, Ahmedabad - 586462"
ORD-000351,Swati Bose,USR-00351,swatibos996@hotmail.com,PROD-00050,TravelPro Backpack,19-07-2024,0,Digital Wallet,"923, Commercial Street, Ahmedabad - 257880"
ORD-000352,Rahul Saxena,USR-00352,rahulsax420@gmail.com,PROD-00015,HeatCup Express,08-07-2025,0,UPI,"652, MG Road, Chandigarh - 101533"
ORD-000353,Deepak Deshpande,USR-00353,deepakdes756@outlook.com,PROD-00007,VibeTrack Smartband,29-07-2024,0,Cash on Delivery,"244, Residency Road, Kochi - 162804"
ORD-000354,Pooja Sinha,USR-00354,poojasin287@gmail.com,PROD-00003,Zenith One,25-08-2024,0,Cash on Delivery,"423, Sector, Vadodara - 884229"
ORD-000355,Neha Bose,USR-00355,nehabos98@yahoo.com,PROD-00041,SpeedLink Drive,07-02-2025,0,Credit Card,"607, Rajpath, Delhi - 556112"
ORD-000356,Rohan Iyer,USR-00356,rohaniye299@outlook.com,PROD-00021,PureSkin Cleanse,06-02-2025,0,Digital Wallet,"852, Sector, Chandigarh - 574751"
ORD-000357,Shreya Iyer,USR-00357,shreyaiye77@yahoo.com,PROD-00009,SonicBeats Pro,21-08-2025,0,Credit Card,"160, Park Street, Kolkata - 571404"
ORD-000358,Tanvi Mehta,USR-00358,tanvimeh417@gmail.com,PROD-00035,MiniHaven Chair,01-01-2025,0,Debit Card,"463, Nehru Place, Vadodara - 377880"
ORD-000359,Anjali Singh,USR-00359,anjalisin162@outlook.com,PROD-00046,PulseScan Tracker,09-09-2025,0,Credit Card,"221, Sector, Chennai - 195643"
ORD-000360,Kavya Joshi,USR-00360,kavyajos406@gmail.com,PROD-00044,FunQuest Board,02-11-2024,0,UPI,"840, Main Street, Mumbai - 524035"
ORD-000361,Vivek Chopra,USR-00361,vivekcho767@yahoo.com,PROD-00007,VibeTrack Smartband,18-04-2025,0,Credit Card,"824, Main Street, Hyderabad - 112537"
ORD-000362,Sneha Kulkarni,USR-00362,snehakul800@yahoo.com,PROD-00009,SonicBeats Pro,21-07-2024,0,Net Banking,"382, Linking Road, Bangalore - 710610"
ORD-000363,Shweta Nair,USR-00363,shwetanai940@gmail.com,PROD-00002,Aero S5,07-03-2024,0,Debit Card,"925, Linking Road, Vadodara - 948611"
ORD-000364,Rohan Singh,USR-00364,rohansin927@outlook.com,PROD-00008,Chrono Edge,13-02-2024,0,Net Banking,"52, Main Street, Surat - 961599"
ORD-000365,Preeti Agarwal,USR-00365,preetiaga31@hotmail.com,PROD-00044,FunQuest Board,12-03-2025,0,Debit Card,"363, Gandhi Nagar, Kolkata - 388339"
ORD-000366,Shreya Malhotra,USR-00366,shreyamal905@yahoo.com,PROD-00003,Zenith One,20-09-2025,0,Cash on Delivery,"632, Gandhi Nagar, Lucknow - 623125"
ORD-000367,Ashok Khanna,USR-00367,ashokkha564@hotmail.com,PROD-00004,Lumina Z,30-03-2024,0,UPI,"393, Main Street, Surat - 309146"
ORD-000368,Isha Iyer,USR-00368,ishaiye646@gmail.com,PROD-00025,CrackMaster Prep,02-01-2025,0,Net Banking,"558, Brigade Road, Indore - 693128"
ORD-000369,Kunal Mehta,USR-00369,kunalmeh398@outlook.com,PROD-00012,AlphaBook 14,27-01-2024,0,UPI,"612, Gandhi Nagar, Mumbai - 950069"
ORD-000370,Shreya Verma,USR-00370,shreyaver829@hotmail.com,PROD-00034,FlexiStore Organizer,01-01-2025,0,Cash on Delivery,"239, Main Street, Hyderabad - 359896"
ORD-000371,Kavya Nair,USR-00371,kavyanai547@gmail.com,PROD-00049,PowerCore 10K,12-08-2024,0,Cash on Delivery,"867, Residency Road, Indore - 979988"
ORD-000372,Divya Gupta,USR-00372,divyagup243@outlook.com,PROD-00048,FlexMat Yoga,02-01-2025,0,Cash on Delivery,"29, Sector, Chennai - 690462"
ORD-000373,Aditya Kulkarni,USR-00373,adityakul830@hotmail.com,PROD-00035,MiniHaven Chair,12-11-2024,0,Debit Card,"503, MG Road, Bangalore - 158896"
ORD-000374,Sanjay Banerjee,USR-00374,sanjayban225@gmail.com,PROD-00034,FlexiStore Organizer,04-05-2025,0,Credit Card,"340, Rajpath, Pune - 945619"
ORD-000375,Rohan Mehta,USR-00375,rohanmeh735@yahoo.com,PROD-00021,PureSkin Cleanse,01-03-2024,0,Credit Card,"152, Rajpath, Chennai - 911982"
ORD-000376,Anjali Deshpande,USR-00376,anjalides539@outlook.com,PROD-00005,Blaze Neo,17-01-2025,0,Digital Wallet,"965, Linking Road, Nagpur - 714483"
ORD-000377,Vikram Mehta,USR-00377,vikrammeh310@outlook.com,PROD-00009,SonicBeats Pro,10-06-2024,0,Digital Wallet,"972, Residency Road, Kochi - 780714"
ORD-000378,Rajesh Gupta,USR-00378,rajeshgup725@outlook.com,PROD-00015,HeatCup Express,26-08-2025,0,Debit Card,"388, Nehru Place, Lucknow - 233534"
ORD-000379,Divya Menon,USR-00379,divyamen2@hotmail.com,PROD-00050,TravelPro Backpack,04-08-2025,0,Credit Card,"187, Rajpath, Chandigarh - 948095"
ORD-000380,Richa Iyer,USR-00380,richaiye655@gmail.com,PROD-00032,GlowLine Lamp,24-05-2024,0,UPI,"764, Park Street, Ahmedabad - 463656"
ORD-000381,Rajesh Gupta,USR-00381,rajeshgup652@gmail.com,PROD-00046,PulseScan Tracker,16-10-2025,0,Digital Wallet,"908, Sector, Vadodara - 111949"
ORD-000382,Manish Reddy,USR-00382,manishred256@gmail.com,PROD-00023,MindCraft,19-09-2024,0,Credit Card,"738, MG Road, Delhi - 504684"
ORD-000383,Vivek Menon,USR-00383,vivekmen430@yahoo.com,PROD-00027,UrbanVibe Tee,19-05-2025,0,Net Banking,"360, Commercial Street, Nagpur - 206355"
ORD-000384,Mohit Naik,USR-00384,mohitnai885@yahoo.com,PROD-00011,SkyTab 11,07-04-2025,0,Credit Card,"819, MG Road, Lucknow - 121053"
ORD-000385,Rajesh Nair,USR-00385,rajeshnai975@gmail.com,PROD-00005,Blaze Neo,16-12-2024,0,Debit Card,"910, Residency Road, Kolkata - 867541"
ORD-000386,Arjun Chopra,USR-00386,arjuncho965@gmail.com,PROD-00022,The Infinity Path,31-08-2025,0,Cash on Delivery,"915, Brigade Road, Mumbai - 552275"
ORD-000387,Karan Banerjee,USR-00387,karanban912@hotmail.com,PROD-00011,SkyTab 11,24-02-2024,0,Credit Card,"340, Gandhi Nagar, Pune - 529161"
ORD-000388,Kritika Menon,USR-00388,kritikamen948@outlook.com,PROD-00043,BabyBloom Care Kit,15-10-2024,0,UPI,"244, Park Street, Delhi - 511987"
ORD-000389,Varun Chopra,USR-00389,varuncho861@hotmail.com,PROD-00010,FitPulse Band,25-02-2024,0,UPI,"4, Residency Road, Bangalore - 408857"
ORD-000390,Gaurav Agarwal,USR-00390,gauravaga205@gmail.com,PROD-00002,Aero S5,30-07-2024,0,Debit Card,"654, Nehru Place, Bangalore - 596574"
ORD-000391,Anjali Desai,USR-00391,anjalides804@hotmail.com,PROD-00031,DreamWeave Bedsheet,15-05-2025,0,Digital Wallet,"272, Park Street, Nagpur - 293862"
ORD-000392,Swati Khanna,USR-00392,swatikha391@outlook.com,PROD-00012,AlphaBook 14,01-04-2025,0,Credit Card,"270, Brigade Road, Vadodara - 376195"
ORD-000393,Sanjay Kulkarni,USR-00393,sanjaykul276@gmail.com,PROD-00010,FitPulse Band,09-04-2024,0,Credit Card,"685, Sector, Surat - 893202"
ORD-000394,Shweta Iyer,USR-00394,shwetaiye567@gmail.com,PROD-00025,CrackMaster Prep,19-06-2025,0,Net Banking,"989, Commercial Street, Kochi - 700534"
ORD-000395,Kavya Agarwal,USR-00395,kavyaaga307@gmail.com,PROD-00026,EthnoCharm Kurti,05-02-2024,0,Cash on Delivery,"585, Commercial Street, Chennai - 226124"
ORD-000396,Vivek Gupta,USR-00396,vivekgup972@yahoo.com,PROD-00014,QuickMix 500,16-07-2024,0,Debit Card,"44, Residency Road, Bangalore - 816308"
ORD-000397,Nidhi Reddy,USR-00397,nidhired843@yahoo.com,PROD-00039,ViewSync 27,21-09-2024,0,UPI,"933, Park Street, Bangalore - 506951"
ORD-000398,Kritika Shah,USR-00398,kritikasha566@outlook.com,PROD-00018,GlowMist Serum,16-06-2025,0,Net Banking,"940, MG Road, Surat - 217984"
ORD-000399,Ashok Patel,USR-00399,ashokpat152@gmail.com,PROD-00007,VibeTrack Smartband,30-07-2025,0,Credit Card,"805, Nehru Place, Indore - 530849"
ORD-000400,Manish Shah,USR-00400,manishsha671@hotmail.com,PROD-00037,StreamBox Lite,15-09-2025,0,Net Banking,"39, Main Street, Jaipur - 522548"
ORD-000401,Pooja Banerjee,USR-00401,poojaban624@hotmail.com,PROD-00003,Zenith One,09-02-2025,0,UPI,"708, Gandhi Nagar, Delhi - 881975"
ORD-000402,Mohit Saxena,USR-00402,mohitsax276@outlook.com,PROD-00002,Aero S5,11-12-2024,0,UPI,"319, Nehru Place, Kochi - 999924"
ORD-000403,Vikram Deshpande,USR-00403,vikramdes234@yahoo.com,PROD-00020,SilkWave Dryer,29-03-2025,0,UPI,"276, Residency Road, Bangalore - 297064"
ORD-000404,Vivek Reddy,USR-00404,vivekred936@hotmail.com,PROD-00048,FlexMat Yoga,11-05-2025,0,Cash on Delivery,"889, Sector, Delhi - 640299"
ORD-000405,Karan Singh,USR-00405,karansin319@hotmail.com,PROD-00009,SonicBeats Pro,20-06-2025,0,Cash on Delivery,"30, Main Street, Pune - 973390"
ORD-000406,Aditya Kulkarni,USR-00406,adityakul60@yahoo.com,PROD-00003,Zenith One,12-04-2025,0,Credit Card,"941, Sector, Pune - 387286"
ORD-000407,Swati Kulkarni,USR-00407,swatikul476@hotmail.com,PROD-00041,SpeedLink Drive,06-05-2024,0,Digital Wallet,"32, Gandhi Nagar, Indore - 612530"
ORD-000408,Gaurav Malhotra,USR-00408,gauravmal182@hotmail.com,PROD-00038,BoomBar 120,18-07-2025,0,UPI,"353, Main Street, Jaipur - 885342"
ORD-000409,Neha Desai,USR-00409,nehades29@hotmail.com,PROD-00004,Lumina Z,15-06-2024,0,Cash on Delivery,"799, Gandhi Nagar, Ahmedabad - 778827"
ORD-000410,Sanjay Pandey,USR-00410,sanjaypan212@outlook.com,PROD-00042,JoyBox Blocks,23-02-2025,0,Cash on Delivery,"21, Linking Road, Mumbai - 597126"
ORD-000411,Rohan Mishra,USR-00411,rohanmis178@gmail.com,PROD-00015,HeatCup Express,15-09-2024,0,Cash on Delivery,"825, Nehru Place, Jaipur - 544393"
ORD-000412,Deepak Deshpande,USR-00412,deepakdes358@hotmail.com,PROD-00017,SwiftClean 360,11-08-2024,0,Net Banking,"310, Linking Road, Nagpur - 712879"
ORD-000413,Vikram Sharma,USR-00413,vikramsha524@outlook.com,PROD-00036,VisionMax TV,31-08-2025,0,Cash on Delivery,"290, Nehru Place, Hyderabad - 605139"
ORD-000414,Arjun Mehta,USR-00414,arjunmeh284@outlook.com,PROD-00018,GlowMist Serum,24-09-2024,0,Digital Wallet,"729, Linking Road, Lucknow - 297509"
ORD-000415,Pooja Rao,USR-00415,poojarao784@yahoo.com,PROD-00004,Lumina Z,06-09-2025,0,Net Banking,"677, Sector, Chennai - 856320"
ORD-000416,Priya Mishra,USR-00416,priyamis510@outlook.com,PROD-00017,SwiftClean 360,04-03-2025,0,Net Banking,"398, MG Road, Pune - 459836"
ORD-000417,Sanjay Pandey,USR-00417,sanjaypan548@hotmail.com,PROD-00043,BabyBloom Care Kit,02-01-2025,0,Cash on Delivery,"308, Main Street, Kolkata - 408054"
ORD-000418,Vikram Agarwal,USR-00418,vikramaga132@outlook.com,PROD-00047,VitaBoost Tabs,26-07-2025,0,Debit Card,"970, Linking Road, Chandigarh - 786224"
ORD-000419,Neha Iyer,USR-00419,nehaiye364@yahoo.com,PROD-00048,FlexMat Yoga,10-11-2024,0,Net Banking,"808, Sector, Indore - 373216"
ORD-000420,Shweta Desai,USR-00420,shwetades475@gmail.com,PROD-00031,DreamWeave Bedsheet,24-02-2024,0,Digital Wallet,"598, Rajpath, Bangalore - 595158"
ORD-000421,Aditya Rao,USR-00421,adityarao123@hotmail.com,PROD-00034,FlexiStore Organizer,01-11-2024,0,Net Banking,"56, Main Street, Chennai - 310026"
ORD-000422,Meera Kapoor,USR-00422,meerakap584@hotmail.com,PROD-00010,FitPulse Band,19-11-2024,0,Digital Wallet,"185, Park Street, Kochi - 448787"
ORD-000423,Divya Mehta,USR-00423,divyameh650@gmail.com,PROD-00001,Nova X10,07-04-2025,0,UPI,"215, Main Street, Kolkata - 613358"
ORD-000424,Neha Patel,USR-00424,nehapat630@hotmail.com,PROD-00041,SpeedLink Drive,15-03-2025,0,Net Banking,"440, Brigade Road, Nagpur - 104895"
ORD-000425,Amit Chopra,USR-00425,amitcho205@outlook.com,PROD-00001,Nova X10,25-11-2024,0,Cash on Delivery,"196, MG Road, Mumbai - 757128"
ORD-000426,Kavya Iyer,USR-00426,kavyaiye711@outlook.com,PROD-00020,SilkWave Dryer,12-05-2024,0,Credit Card,"393, Commercial Street, Lucknow - 275133"
ORD-000427,Arjun Kulkarni,USR-00427,arjunkul47@outlook.com,PROD-00019,TrimPro X2,11-04-2025,0,Digital Wallet,"533, Rajpath, Chandigarh - 554730"
ORD-000428,Rohan Mehta,USR-00428,rohanmeh924@hotmail.com,PROD-00023,MindCraft,11-07-2024,0,Debit Card,"971, Residency Road, Mumbai - 339513"
ORD-000429,Sanjay Menon,USR-00429,sanjaymen135@yahoo.com,PROD-00047,VitaBoost Tabs,23-01-2024,0,Cash on Delivery,"517, Main Street, Hyderabad - 484398"
ORD-000430,Amit Shah,USR-00430,amitsha898@outlook.com,PROD-00050,TravelPro Backpack,01-07-2025,0,Cash on Delivery,"50, Rajpath, Delhi - 794125"
ORD-000431,Vikram Mishra,USR-00431,vikrammis857@gmail.com,PROD-00004,Lumina Z,28-04-2024,0,Net Banking,"455, Residency Road, Hyderabad - 673867"
ORD-000432,Manish Agarwal,USR-00432,manishaga719@yahoo.com,PROD-00014,QuickMix 500,07-10-2025,0,Credit Card,"309, Residency Road, Hyderabad - 794663"
ORD-000433,Isha Nair,USR-00433,ishanai638@yahoo.com,PROD-00027,UrbanVibe Tee,17-04-2024,0,Cash on Delivery,"737, Rajpath, Hyderabad - 396439"
ORD-000434,Anjali Naik,USR-00434,anjalinai109@hotmail.com,PROD-00013,CloudTab Mini,15-09-2025,0,Debit Card,"797, Nehru Place, Pune - 475308"
ORD-000435,Ashok Desai,USR-00435,ashokdes165@gmail.com,PROD-00036,VisionMax TV,23-05-2025,0,Debit Card,"705, Brigade Road, Chandigarh - 345896"
ORD-000436,Rahul Sharma,USR-00436,rahulsha688@gmail.com,PROD-00008,Chrono Edge,10-08-2025,0,Digital Wallet,"506, Main Street, Bangalore - 917392"
ORD-000437,Kunal Singh,USR-00437,kunalsin741@gmail.com,PROD-00017,SwiftClean 360,21-10-2025,0,Debit Card,"468, Nehru Place, Jaipur - 586830"
ORD-000438,Sneha Kumar,USR-00438,snehakum833@yahoo.com,PROD-00003,Zenith One,24-10-2024,0,UPI,"821, Linking Road, Chandigarh - 546688"
ORD-000439,Anjali Kumar,USR-00439,anjalikum872@gmail.com,PROD-00001,Nova X10,21-05-2024,0,Digital Wallet,"663, Main Street, Chandigarh - 474894"
ORD-000440,Vivek Banerjee,USR-00440,vivekban275@gmail.com,PROD-00024,Little Learners,16-12-2024,0,Debit Card,"117, Residency Road, Nagpur - 578715"
ORD-000441,Shreya Kulkarni,USR-00441,shreyakul395@hotmail.com,PROD-00027,UrbanVibe Tee,19-06-2024,0,Credit Card,"136, MG Road, Kolkata - 208751"
ORD-000442,Ashok Saxena,USR-00442,ashoksax605@hotmail.com,PROD-00037,StreamBox Lite,24-03-2025,0,Debit Card,"626, Residency Road, Indore - 741055"
ORD-000443,Priya Deshpande,USR-00443,priyades701@yahoo.com,PROD-00031,DreamWeave Bedsheet,14-05-2025,0,Credit Card,"909, Residency Road, Vadodara - 148205"
ORD-000444,Arjun Nair,USR-00444,arjunnai671@outlook.com,PROD-00001,Nova X10,21-06-2025,0,Digital Wallet,"591, Rajpath, Ahmedabad - 802382"
ORD-000445,Meera Rao,USR-00445,meerarao536@gmail.com,PROD-00028,FlexStep Runner,11-09-2024,0,Net Banking,"355, Linking Road, Nagpur - 255875"
ORD-000446,Kritika Khanna,USR-00446,kritikakha628@gmail.com,PROD-00001,Nova X10,20-10-2025,0,Debit Card,"518, Brigade Road, Kochi - 273438"
ORD-000447,Arjun Pillai,USR-00447,arjunpil504@outlook.com,PROD-00016,AirChef Fryo,04-12-2024,0,UPI,"52, Commercial Street, Ahmedabad - 677236"
ORD-000448,Deepak Shah,USR-00448,deepaksha837@yahoo.com,PROD-00006,EchoPods 300,15-04-2025,0,Net Banking,"821, Rajpath, Vadodara - 192295"
ORD-000449,Simran Malhotra,USR-00449,simranmal324@gmail.com,PROD-00032,GlowLine Lamp,19-01-2024,0,Credit Card,"414, Residency Road, Delhi - 684194"
ORD-000450,Kritika Sharma,USR-00450,kritikasha846@gmail.com,PROD-00039,ViewSync 27,25-09-2025,0,Digital Wallet,"312, Commercial Street, Pune - 786393"
ORD-000451,Tanvi Mehta,USR-00451,tanvimeh373@gmail.com,PROD-00015,HeatCup Express,10-04-2025,0,UPI,"574, Rajpath, Kochi - 851470"
ORD-000452,Swati Sinha,USR-00452,swatisin464@gmail.com,PROD-00007,VibeTrack Smartband,15-08-2024,0,Credit Card,"350, Sector, Lucknow - 674295"
ORD-000453,Isha Joshi,USR-00453,ishajos719@gmail.com,PROD-00003,Zenith One,17-06-2024,0,Net Banking,"144, Residency Road, Hyderabad - 366641"
ORD-000454,Richa Reddy,USR-00454,richared193@gmail.com,PROD-00026,EthnoCharm Kurti,08-08-2024,0,Net Banking,"845, Gandhi Nagar, Chandigarh - 213000"
ORD-000455,Ashok Verma,USR-00455,ashokver949@gmail.com,PROD-00050,TravelPro Backpack,06-04-2025,0,Net Banking,"675, Rajpath, Chennai - 623059"
ORD-000456,Rahul Rao,USR-00456,rahulrao754@gmail.com,PROD-00036,VisionMax TV,19-03-2025,0,Cash on Delivery,"495, Commercial Street, Kolkata - 825423"
ORD-000457,Shweta Gupta,USR-00457,shwetagup749@yahoo.com,PROD-00007,VibeTrack Smartband,31-01-2025,0,Digital Wallet,"615, Rajpath, Chandigarh - 628597"
ORD-000458,Deepak Kapoor,USR-00458,deepakkap624@yahoo.com,PROD-00018,GlowMist Serum,11-02-2025,0,UPI,"994, Nehru Place, Vadodara - 943890"
ORD-000459,Rohan Patel,USR-00459,rohanpat423@outlook.com,PROD-00045,SpeedRider Mini,14-07-2025,0,UPI,"729, Commercial Street, Pune - 310647"
ORD-000460,Riya Banerjee,USR-00460,riyaban732@outlook.com,PROD-00044,FunQuest Board,19-12-2024,0,Digital Wallet,"136, Linking Road, Kolkata - 628370"
ORD-000461,Harsh Sinha,USR-00461,harshsin653@outlook.com,PROD-00046,PulseScan Tracker,28-04-2024,0,UPI,"576, Brigade Road, Surat - 806995"
ORD-000462,Harsh Desai,USR-00462,harshdes899@hotmail.com,PROD-00001,Nova X10,19-06-2025,0,Credit Card,"26, Residency Road, Chennai - 155642"
ORD-000463,Sneha Reddy,USR-00463,snehared274@yahoo.com,PROD-00019,TrimPro X2,13-09-2024,0,Debit Card,"860, MG Road, Lucknow - 313910"
ORD-000464,Harsh Verma,USR-00464,harshver368@hotmail.com,PROD-00007,VibeTrack Smartband,22-09-2025,0,Digital Wallet,"758, Commercial Street, Ahmedabad - 878476"
ORD-000465,Kritika Shah,USR-00465,kritikasha244@outlook.com,PROD-00045,SpeedRider Mini,18-02-2024,0,Net Banking,"397, Residency Road, Chandigarh - 678944"
ORD-000466,Sneha Sharma,USR-00466,snehasha762@outlook.com,PROD-00013,CloudTab Mini,27-09-2025,0,Net Banking,"850, Gandhi Nagar, Indore - 891787"
ORD-000467,Shweta Chopra,USR-00467,shwetacho757@yahoo.com,PROD-00050,TravelPro Backpack,17-07-2024,0,UPI,"460, Main Street, Bangalore - 296059"
ORD-000468,Divya Menon,USR-00468,divyamen527@gmail.com,PROD-00025,CrackMaster Prep,11-02-2024,0,Net Banking,"286, Commercial Street, Jaipur - 236384"
ORD-000469,Karan Bose,USR-00469,karanbos867@outlook.com,PROD-00001,Nova X10,04-12-2024,0,Net Banking,"727, Main Street, Delhi - 261169"
ORD-000470,Rajesh Banerjee,USR-00470,rajeshban53@outlook.com,PROD-00032,GlowLine Lamp,09-08-2025,0,Cash on Delivery,"367, Park Street, Chandigarh - 650916"
ORD-000471,Sanjay Gupta,USR-00471,sanjaygup534@gmail.com,PROD-00033,CozyNest Cushion,12-06-2024,0,Net Banking,"557, Commercial Street, Nagpur - 196411"
ORD-000472,Suresh Iyer,USR-00472,sureshiye905@yahoo.com,PROD-00043,BabyBloom Care Kit,05-12-2024,0,UPI,"370, Nehru Place, Pune - 889216"
ORD-000473,Richa Rao,USR-00473,richarao487@gmail.com,PROD-00008,Chrono Edge,20-12-2024,0,Net Banking,"247, Linking Road, Ahmedabad - 141814"
ORD-000474,Rajesh Shah,USR-00474,rajeshsha938@gmail.com,PROD-00025,CrackMaster Prep,19-09-2024,0,Cash on Delivery,"742, Nehru Place, Mumbai - 641975"
ORD-000475,Swati Rao,USR-00475,swatirao823@hotmail.com,PROD-00032,GlowLine Lamp,14-02-2024,0,UPI,"920, Linking Road, Pune - 435872"
ORD-000476,Kunal Singh,USR-00476,kunalsin971@gmail.com,PROD-00011,SkyTab 11,04-07-2025,0,Cash on Delivery,"8, Linking Road, Bangalore - 321020"
ORD-000477,Riya Deshpande,USR-00477,riyades702@hotmail.com,PROD-00007,VibeTrack Smartband,29-07-2024,0,Cash on Delivery,"849, Residency Road, Bangalore - 883171"
ORD-000478,Pooja Sharma,USR-00478,poojasha471@outlook.com,PROD-00003,Zenith One,30-03-2024,0,Credit Card,"56, Main Street, Jaipur - 685193"
ORD-000479,Arjun Bose,USR-00479,arjunbos842@yahoo.com,PROD-00017,SwiftClean 360,21-02-2025,0,Net Banking,"462, Linking Road, Nagpur - 554059"
ORD-000480,Rajesh Sharma,USR-00480,rajeshsha399@gmail.com,PROD-00035,MiniHaven Chair,07-01-2024,0,Digital Wallet,"738, Rajpath, Bangalore - 892682"
ORD-000481,Shweta Verma,USR-00481,shwetaver718@gmail.com,PROD-00023,MindCraft,29-05-2025,0,Credit Card,"297, Linking Road, Lucknow - 736030"
ORD-000482,Neha Desai,USR-00482,nehades784@hotmail.com,PROD-00025,CrackMaster Prep,08-02-2025,0,Digital Wallet,"32, Brigade Road, Kolkata - 659381"
ORD-000483,Sanjay Patel,USR-00483,sanjaypat765@hotmail.com,PROD-00035,MiniHaven Chair,29-10-2024,0,Digital Wallet,"148, Nehru Place, Indore - 111691"
ORD-000484,Kritika Deshpande,USR-00484,kritikades569@yahoo.com,PROD-00008,Chrono Edge,12-02-2024,0,Credit Card,"587, Rajpath, Nagpur - 663244"
ORD-000485,Kritika Singh,USR-00485,kritikasin313@yahoo.com,PROD-00048,FlexMat Yoga,18-12-2024,0,Debit Card,"423, Linking Road, Chennai - 268772"
ORD-000486,Divya Iyer,USR-00486,divyaiye632@outlook.com,PROD-00013,CloudTab Mini,27-04-2024,0,Debit Card,"688, Rajpath, Delhi - 992744"
ORD-000487,Kritika Malhotra,USR-00487,kritikamal661@gmail.com,PROD-00019,TrimPro X2,09-03-2024,0,UPI,"101, Gandhi Nagar, Kochi - 446922"
ORD-000488,Suresh Patel,USR-00488,sureshpat688@yahoo.com,PROD-00007,VibeTrack Smartband,18-10-2024,0,Cash on Delivery,"72, Gandhi Nagar, Chandigarh - 609462"
ORD-000489,Vivek Mehta,USR-00489,vivekmeh632@outlook.com,PROD-00045,SpeedRider Mini,21-08-2025,0,Debit Card,"580, Rajpath, Indore - 946934"
ORD-000490,Rajesh Kapoor,USR-00490,rajeshkap173@gmail.com,PROD-00021,PureSkin Cleanse,09-09-2024,0,Debit Card,"730, Linking Road, Surat - 390119"
ORD-000491,Swati Patel,USR-00491,swatipat696@outlook.com,PROD-00031,DreamWeave Bedsheet,18-04-2025,0,Net Banking,"368, Nehru Place, Kochi - 678469"
ORD-000492,Vikram Gupta,USR-00492,vikramgup662@gmail.com,PROD-00018,GlowMist Serum,23-05-2024,0,Cash on Delivery,"202, Nehru Place, Bangalore - 862760"
ORD-000493,Arjun Khanna,USR-00493,arjunkha20@gmail.com,PROD-00038,BoomBar 120,15-08-2025,0,Net Banking,"788, Rajpath, Pune - 138436"
ORD-000494,Kritika Nair,USR-00494,kritikanai557@hotmail.com,PROD-00042,JoyBox Blocks,01-06-2024,0,UPI,"402, Gandhi Nagar, Lucknow - 240384"
ORD-000495,Tanvi Rao,USR-00495,tanvirao523@gmail.com,PROD-00026,EthnoCharm Kurti,07-01-2025,0,Cash on Delivery,"11, Linking Road, Ahmedabad - 989173"
ORD-000496,Richa Pandey,USR-00496,richapan170@yahoo.com,PROD-00029,LuxeCarry Wallet,12-06-2024,0,Debit Card,"580, Rajpath, Chennai - 871667"
ORD-000497,Mohit Joshi,USR-00497,mohitjos42@yahoo.com,PROD-00049,PowerCore 10K,14-05-2025,0,Debit Card,"65, Nehru Place, Indore - 345386"
ORD-000498,Amit Pandey,USR-00498,amitpan212@outlook.com,PROD-00025,CrackMaster Prep,25-04-2025,0,Net Banking,"903, MG Road, Delhi - 780027"
ORD-000499,Rajesh Kumar,USR-00499,rajeshkum721@outlook.com,PROD-00048,FlexMat Yoga,26-09-2024,0,Cash on Delivery,"558, Rajpath, Kolkata - 494956"
ORD-000500,Deepak Joshi,USR-00500,deepakjos602@gmail.com,PROD-00034,FlexiStore Organizer,14-09-2024,0,Net Banking,"997, Gandhi Nagar, Nagpur - 470040"
ORD-000501,Suresh Agarwal,USR-00501,sureshaga812@hotmail.com,PROD-00039,ViewSync 27,07-01-2024,0,Cash on Delivery,"904, Main Street, Vadodara - 273650"
ORD-000502,Sanjay Singh,USR-00502,sanjaysin527@outlook.com,PROD-00014,QuickMix 500,02-06-2024,0,Debit Card,"162, Sector, Hyderabad - 793223"
ORD-000503,Sanjay Kapoor,USR-00503,sanjaykap831@outlook.com,PROD-00047,VitaBoost Tabs,26-04-2024,0,Net Banking,"692, Brigade Road, Kochi - 320939"
ORD-000504,Shweta Gupta,USR-00504,shwetagup663@hotmail.com,PROD-00002,Aero S5,06-09-2024,0,Credit Card,"131, Rajpath, Kolkata - 241268"
ORD-000505,Kunal Verma,USR-00505,kunalver913@yahoo.com,PROD-00004,Lumina Z,19-06-2024,0,UPI,"945, Main Street, Nagpur - 728471"
ORD-000506,Varun Mishra,USR-00506,varunmis20@outlook.com,PROD-00006,EchoPods 300,09-08-2024,0,Net Banking,"622, Brigade Road, Kochi - 278852"
ORD-000507,Sanjay Kulkarni,USR-00507,sanjaykul421@yahoo.com,PROD-00038,BoomBar 120,05-07-2024,0,Cash on Delivery,"676, Commercial Street, Jaipur - 275868"
ORD-000508,Meera Saxena,USR-00508,meerasax465@gmail.com,PROD-00015,HeatCup Express,22-01-2025,0,Net Banking,"136, Park Street, Mumbai - 312177"
ORD-000509,Isha Deshpande,USR-00509,ishades932@hotmail.com,PROD-00010,FitPulse Band,12-09-2025,0,Credit Card,"182, Brigade Road, Delhi - 921945"
ORD-000510,Harsh Rao,USR-00510,harshrao771@gmail.com,PROD-00006,EchoPods 300,08-05-2025,0,Digital Wallet,"134, Rajpath, Mumbai - 912510"
ORD-000511,Nidhi Rao,USR-00511,nidhirao431@outlook.com,PROD-00003,Zenith One,26-06-2025,0,Net Banking,"235, Brigade Road, Nagpur - 467544"
ORD-000512,Shweta Naik,USR-00512,shwetanai760@gmail.com,PROD-00028,FlexStep Runner,17-05-2024,0,UPI,"489, Gandhi Nagar, Bangalore - 397026"
ORD-000513,Gaurav Khanna,USR-00513,gauravkha557@hotmail.com,PROD-00017,SwiftClean 360,12-07-2024,0,Credit Card,"727, MG Road, Hyderabad - 645009"
ORD-000514,Rahul Shah,USR-00514,rahulsha671@yahoo.com,PROD-00045,SpeedRider Mini,19-11-2024,0,Net Banking,"371, Park Street, Chennai - 546768"
ORD-000515,Shweta Nair,USR-00515,shwetanai268@hotmail.com,PROD-00037,StreamBox Lite,09-01-2025,0,Cash on Delivery,"283, Linking Road, Nagpur - 891645"
ORD-000516,Riya Kapoor,USR-00516,riyakap566@hotmail.com,PROD-00012,AlphaBook 14,14-01-2025,0,Cash on Delivery,"569, Brigade Road, Jaipur - 421549"
ORD-000517,Varun Joshi,USR-00517,varunjos793@hotmail.com,PROD-00048,FlexMat Yoga,21-05-2024,0,Digital Wallet,"122, Gandhi Nagar, Vadodara - 921149"
ORD-000518,Karan Kumar,USR-00518,karankum220@hotmail.com,PROD-00022,The Infinity Path,17-07-2025,0,Cash on Delivery,"714, Linking Road, Delhi - 268546"
ORD-000519,Deepak Mishra,USR-00519,deepakmis6@gmail.com,PROD-00010,FitPulse Band,27-04-2025,0,Cash on Delivery,"446, Park Street, Bangalore - 375871"
ORD-000520,Sanjay Joshi,USR-00520,sanjayjos82@gmail.com,PROD-00047,VitaBoost Tabs,28-01-2025,0,Net Banking,"629, Linking Road, Lucknow - 846172"
ORD-000521,Gaurav Verma,USR-00521,gauravver969@yahoo.com,PROD-00041,SpeedLink Drive,21-05-2025,0,Net Banking,"11, Gandhi Nagar, Lucknow - 304206"
ORD-000522,Amit Naik,USR-00522,amitnai614@yahoo.com,PROD-00040,KeyMate Pro,22-06-2024,0,Digital Wallet,"37, Sector, Ahmedabad - 786837"
ORD-000523,Rahul Gupta,USR-00523,rahulgup89@outlook.com,PROD-00050,TravelPro Backpack,13-02-2025,0,UPI,"686, Residency Road, Nagpur - 714549"
ORD-000524,Aditya Rao,USR-00524,adityarao16@gmail.com,PROD-00006,EchoPods 300,16-07-2025,0,UPI,"744, Commercial Street, Indore - 464354"
ORD-000525,Shreya Iyer,USR-00525,shreyaiye621@yahoo.com,PROD-00030,TimeEdge Quartz,17-02-2025,0,Cash on Delivery,"5, Nehru Place, Kolkata - 526911"
ORD-000526,Kunal Kumar,USR-00526,kunalkum573@gmail.com,PROD-00033,CozyNest Cushion,28-10-2024,0,UPI,"970, Park Street, Jaipur - 664032"
ORD-000527,Varun Nair,USR-00527,varunnai711@hotmail.com,PROD-00025,CrackMaster Prep,30-07-2025,0,Net Banking,"789, Gandhi Nagar, Chandigarh - 913274"
ORD-000528,Tanvi Pandey,USR-00528,tanvipan472@gmail.com,PROD-00031,DreamWeave Bedsheet,29-04-2024,0,UPI,"70, Residency Road, Ahmedabad - 809794"
ORD-000529,Sanjay Naik,USR-00529,sanjaynai324@hotmail.com,PROD-00023,MindCraft,12-06-2025,0,Cash on Delivery,"10, Nehru Place, Ahmedabad - 401244"
ORD-000530,Neha Shah,USR-00530,nehasha690@outlook.com,PROD-00005,Blaze Neo,21-07-2025,0,Debit Card,"488, Sector, Indore - 329183"
ORD-000531,Varun Nair,USR-00531,varunnai188@yahoo.com,PROD-00032,GlowLine Lamp,23-07-2024,0,Debit Card,"754, Gandhi Nagar, Jaipur - 316823"
ORD-000532,Sanjay Reddy,USR-00532,sanjayred855@yahoo.com,PROD-00040,KeyMate Pro,30-12-2024,0,Debit Card,"798, Park Street, Hyderabad - 182300"
ORD-000533,Simran Banerjee,USR-00533,simranban7@gmail.com,PROD-00031,DreamWeave Bedsheet,15-01-2025,0,Cash on Delivery,"323, Brigade Road, Jaipur - 614646"
ORD-000534,Divya Pillai,USR-00534,divyapil938@outlook.com,PROD-00026,EthnoCharm Kurti,15-08-2024,0,Cash on Delivery,"132, MG Road, Surat - 601554"
ORD-000535,Harsh Verma,USR-00535,harshver515@outlook.com,PROD-00026,EthnoCharm Kurti,27-06-2024,0,Net Banking,"124, Commercial Street, Vadodara - 430984"
ORD-000536,Rahul Sharma,USR-00536,rahulsha691@yahoo.com,PROD-00025,CrackMaster Prep,17-08-2025,0,Credit Card,"334, Sector, Jaipur - 296243"
ORD-000537,Kritika Nair,USR-00537,kritikanai243@outlook.com,PROD-00031,DreamWeave Bedsheet,19-09-2025,0,UPI,"375, Main Street, Kochi - 544536"
ORD-000538,Riya Kapoor,USR-00538,riyakap718@outlook.com,PROD-00024,Little Learners,14-02-2025,0,UPI,"462, Main Street, Chennai - 703867"
ORD-000539,Sanjay Kulkarni,USR-00539,sanjaykul103@outlook.com,PROD-00016,AirChef Fryo,22-07-2025,0,Net Banking,"877, Residency Road, Pune - 252928"
ORD-000540,Pooja Agarwal,USR-00540,poojaaga826@gmail.com,PROD-00012,AlphaBook 14,07-03-2025,0,Net Banking,"138, Linking Road, Chandigarh - 923481"
ORD-000541,Simran Desai,USR-00541,simrandes257@gmail.com,PROD-00026,EthnoCharm Kurti,11-04-2024,0,Digital Wallet,"168, MG Road, Pune - 953350"
ORD-000542,Manish Agarwal,USR-00542,manishaga860@gmail.com,PROD-00029,LuxeCarry Wallet,08-12-2024,0,UPI,"370, Sector, Jaipur - 460857"
ORD-000543,Priya Kapoor,USR-00543,priyakap125@outlook.com,PROD-00044,FunQuest Board,12-09-2025,0,Debit Card,"591, Rajpath, Kolkata - 918213"
ORD-000544,Nikhil Joshi,USR-00544,nikhiljos333@hotmail.com,PROD-00050,TravelPro Backpack,02-04-2025,0,Credit Card,"391, Rajpath, Lucknow - 586279"
ORD-000545,Pooja Deshpande,USR-00545,poojades172@outlook.com,PROD-00027,UrbanVibe Tee,08-10-2025,0,Cash on Delivery,"586, Residency Road, Bangalore - 182954"
ORD-000546,Karan Mehta,USR-00546,karanmeh234@outlook.com,PROD-00021,PureSkin Cleanse,25-10-2024,0,Digital Wallet,"274, Rajpath, Nagpur - 384424"
ORD-000547,Vivek Pillai,USR-00547,vivekpil884@outlook.com,PROD-00048,FlexMat Yoga,24-08-2025,0,Cash on Delivery,"989, Brigade Road, Surat - 275445"
ORD-000548,Divya Deshpande,USR-00548,divyades24@yahoo.com,PROD-00047,VitaBoost Tabs,28-08-2024,0,Digital Wallet,"258, Park Street, Pune - 275018"
ORD-000549,Preeti Kumar,USR-00549,preetikum98@gmail.com,PROD-00031,DreamWeave Bedsheet,15-07-2025,0,Credit Card,"27, Residency Road, Bangalore - 208976"
ORD-000550,Manish Banerjee,USR-00550,manishban160@gmail.com,PROD-00042,JoyBox Blocks,03-02-2025,0,UPI,"235, Gandhi Nagar, Lucknow - 564687"
ORD-000551,Rohan Patel,USR-00551,rohanpat540@yahoo.com,PROD-00002,Aero S5,05-02-2024,0,Digital Wallet,"366, Sector, Kochi - 589887"
ORD-000552,Harsh Saxena,USR-00552,harshsax279@hotmail.com,PROD-00009,SonicBeats Pro,06-07-2025,0,Debit Card,"606, Rajpath, Vadodara - 761701"
ORD-000553,Varun Kapoor,USR-00553,varunkap537@outlook.com,PROD-00023,MindCraft,08-05-2025,0,Cash on Delivery,"233, Park Street, Vadodara - 422823"
ORD-000554,Swati Kapoor,USR-00554,swatikap267@yahoo.com,PROD-00020,SilkWave Dryer,11-01-2024,0,Credit Card,"536, Main Street, Indore - 400692"
ORD-000555,Mohit Chopra,USR-00555,mohitcho9@hotmail.com,PROD-00049,PowerCore 10K,03-05-2025,0,UPI,"10, Residency Road, Lucknow - 726003"
ORD-000556,Sanjay Naik,USR-00556,sanjaynai8@outlook.com,PROD-00013,CloudTab Mini,25-02-2025,0,Cash on Delivery,"448, Residency Road, Ahmedabad - 271200"
ORD-000557,Deepak Kulkarni,USR-00557,deepakkul388@yahoo.com,PROD-00017,SwiftClean 360,22-03-2024,0,Net Banking,"641, Gandhi Nagar, Jaipur - 398505"
ORD-000558,Harsh Naik,USR-00558,harshnai276@hotmail.com,PROD-00013,CloudTab Mini,11-03-2024,0,Debit Card,"140, Nehru Place, Hyderabad - 767830"
ORD-000559,Tanvi Banerjee,USR-00559,tanviban464@outlook.com,PROD-00045,SpeedRider Mini,29-09-2025,0,Net Banking,"193, Sector, Mumbai - 259540"
ORD-000560,Sneha Chopra,USR-00560,snehacho23@yahoo.com,PROD-00007,VibeTrack Smartband,15-10-2024,0,UPI,"129, Brigade Road, Mumbai - 344119"
ORD-000561,Neha Patel,USR-00561,nehapat16@hotmail.com,PROD-00014,QuickMix 500,16-12-2024,0,Net Banking,"320, Brigade Road, Indore - 586208"
ORD-000562,Amit Mehta,USR-00562,amitmeh83@yahoo.com,PROD-00004,Lumina Z,29-09-2024,0,Net Banking,"74, Commercial Street, Kochi - 290425"
ORD-000563,Aditya Khanna,USR-00563,adityakha862@outlook.com,PROD-00025,CrackMaster Prep,13-01-2024,0,Credit Card,"998, Gandhi Nagar, Nagpur - 908688"
ORD-000564,Vivek Iyer,USR-00564,vivekiye756@gmail.com,PROD-00013,CloudTab Mini,16-04-2025,0,Digital Wallet,"790, Park Street, Pune - 595793"
ORD-000565,Deepak Pandey,USR-00565,deepakpan985@outlook.com,PROD-00021,PureSkin Cleanse,11-06-2024,0,Digital Wallet,"746, MG Road, Hyderabad - 365617"
ORD-000566,Mohit Mishra,USR-00566,mohitmis306@yahoo.com,PROD-00024,Little Learners,23-02-2024,0,Digital Wallet,"224, Park Street, Ahmedabad - 763653"
ORD-000567,Nidhi Mehta,USR-00567,nidhimeh16@yahoo.com,PROD-00018,GlowMist Serum,21-08-2025,0,Credit Card,"406, Gandhi Nagar, Mumbai - 144033"
ORD-000568,Shweta Naik,USR-00568,shwetanai708@hotmail.com,PROD-00045,SpeedRider Mini,02-09-2025,0,Debit Card,"381, Park Street, Ahmedabad - 265358"
ORD-000569,Simran Singh,USR-00569,simransin703@outlook.com,PROD-00049,PowerCore 10K,02-10-2025,0,Credit Card,"62, Sector, Chennai - 835395"
ORD-000570,Harsh Naik,USR-00570,harshnai110@yahoo.com,PROD-00032,GlowLine Lamp,26-08-2024,0,UPI,"572, Linking Road, Indore - 944654"
ORD-000571,Vivek Menon,USR-00571,vivekmen198@gmail.com,PROD-00045,SpeedRider Mini,21-01-2025,0,UPI,"742, Main Street, Jaipur - 141406"
ORD-000572,Simran Sinha,USR-00572,simransin449@outlook.com,PROD-00035,MiniHaven Chair,16-05-2025,0,Debit Card,"581, Main Street, Indore - 439403"
ORD-000573,Tanvi Nair,USR-00573,tanvinai889@yahoo.com,PROD-00005,Blaze Neo,27-06-2025,0,Debit Card,"461, Nehru Place, Jaipur - 667915"
ORD-000574,Swati Malhotra,USR-00574,swatimal1@hotmail.com,PROD-00047,VitaBoost Tabs,08-07-2024,0,Credit Card,"635, Sector, Ahmedabad - 436272"
ORD-000575,Arjun Pandey,USR-00575,arjunpan991@hotmail.com,PROD-00013,CloudTab Mini,20-06-2025,0,Digital Wallet,"510, Commercial Street, Chennai - 742818"
ORD-000576,Nikhil Mehta,USR-00576,nikhilmeh420@outlook.com,PROD-00008,Chrono Edge,08-04-2024,0,Cash on Delivery,"675, Park Street, Delhi - 975763"
ORD-000577,Rohan Gupta,USR-00577,rohangup895@gmail.com,PROD-00013,CloudTab Mini,19-04-2024,0,Net Banking,"197, Park Street, Delhi - 698749"
ORD-000578,Deepak Pandey,USR-00578,deepakpan502@outlook.com,PROD-00004,Lumina Z,10-01-2025,0,Debit Card,"621, Park Street, Mumbai - 318877"
ORD-000579,Simran Saxena,USR-00579,simransax912@gmail.com,PROD-00030,TimeEdge Quartz,16-10-2025,0,Credit Card,"370, Commercial Street, Surat - 961957"
ORD-000580,Swati Naik,USR-00580,swatinai726@gmail.com,PROD-00040,KeyMate Pro,29-09-2024,0,Cash on Delivery,"42, Park Street, Lucknow - 181721"
ORD-000581,Riya Rao,USR-00581,riyarao100@gmail.com,PROD-00047,VitaBoost Tabs,24-08-2024,0,Cash on Delivery,"395, Gandhi Nagar, Pune - 651752"
ORD-000582,Rajith,USR-00582,rajithpadma728@gmail.com,PROD-00018,Lumina Z,27-11-2025,0,Cash on Delivery,"""782, Sector, Hyderabad - 633893"""
ORD-000583,Rajith,USR-00582,rajithpadma728@gmail.com,PROD-00041,SpeedRider Mini,29-11-2025,0,Net Banking,"""782, Sector, Hyderabad - 633893"""
ORD-000584,Rajith,USR-00582,rajithpadma728@gmail.com,PROD-00030,HeatCup Express,18-11-2025,0,UPI,"""782, Sector, Hyderabad - 633893"""
ORD-000585,Rajith,USR-00582,rajithpadma728@gmail.com,PROD-00046,GlowMist Serum,28-11-2025,0,Digital Wallet,"""782, Sector, Hyderabad - 633893"""
ORD-000586,Praveen,USR-00583,praveenkondreddy15@gmail.com,PROD-00021,FlexMat Yoga,20-11-2025,0,Cash on Delivery,"""694, Rajpath, Hyderabad - 420729"""
ORD-000587,Praveen,USR-00584,praveenkondreddy15@gmail.com,PROD-00019,SpeedRider Mini,24-11-2025,0,Debit Card,"""694, Rajpath, Hyderabad - 420729"""
ORD-000588,Praveen,USR-00585,praveenkondreddy15@gmail.com,PROD-00027,SonicBeats Pro,17-11-2025,0,Cash on Delivery,"""694, Rajpath, Hyderabad - 420729"""
ORD-000589,Praveen,USR-00586,praveenkondreddy15@gmail.com,PROD-00011,Nova X10,16-11-2025,0,Debit Card,"""694, Rajpath, Hyderabad - 420729"""
ORD-000590,Uma Mahesh,USR-00584,umrk27@gmail.com,PROD-00020,BoomBar 120,27-11-2025,0,Debit Card,"""924, Mg road, Hyderabad - 363094"""
ORD-000591,Uma Mahesh,USR-00585,umrk27@gmail.com,PROD-00017,BoomBar 120,26-11-2025,0,Net Banking,"""924, Mg road, Hyderabad - 363094"""
ORD-000592,Uma Mahesh,USR-00586,umrk27@gmail.com,PROD-00037,EthnoCharm Kurti,28-11-2025,0,UPI,"""924, Mg road, Hyderabad - 363094"""
ORD-000593,Uma Mahesh,USR-00587,umrk27@gmail.com,PROD-00001,Little Learners,27-11-2025,0,Digital Wallet,"""924, Mg road, Hyderabad - 363094"""
